intervention_uri,intervention_id,intervention_label,parent_uri,parent_id,parent_label,umls_cui,level
http://www.semanticweb.org/zhenyuzhang/ontologies/2021/DREAMDNPTO#NonpharmacologicalIntervention,NonpharmacologicalIntervention,Nonpharmacological Intervention,http://www.semanticweb.org/zhenyuzhang/ontologies/2021/DREAMDNPTO#Intervention,Intervention,Intervention,,1
http://www.semanticweb.org/zhenyuzhang/ontologies/2021/DREAMDNPTO#FamilyMemberFocusedIntervention,FamilyMemberFocusedIntervention,Family Member Focused Intervention,http://www.semanticweb.org/zhenyuzhang/ontologies/2021/DREAMDNPTO#NonpharmacologicalIntervention,NonpharmacologicalIntervention,Nonpharmacological Intervention,,2
http://www.semanticweb.org/zhenyuzhang/ontologies/2021/DREAMDNPTO#EmotionalAndMoodDisturbanceEducationToFamilyMember,EmotionalAndMoodDisturbanceEducationToFamilyMember,Emotional and Mood Disturbance Education to Family Member,http://www.semanticweb.org/zhenyuzhang/ontologies/2021/DREAMDNPTO#FamilyMemberFocusedIntervention,FamilyMemberFocusedIntervention,Family Member Focused Intervention,,3
http://www.semanticweb.org/zhenyuzhang/ontologies/2021/DREAMDNPTO#SupportToFamilyMember,SupportToFamilyMember,Support to Family Member,http://www.semanticweb.org/zhenyuzhang/ontologies/2021/DREAMDNPTO#FamilyMemberFocusedIntervention,FamilyMemberFocusedIntervention,Family Member Focused Intervention,C0515044,3
http://www.semanticweb.org/zhenyuzhang/ontologies/2021/DREAMDNPTO#HealthCareProfessionalFocusedIntervention,HealthCareProfessionalFocusedIntervention,Health Care Professional Focused Intervention,http://www.semanticweb.org/zhenyuzhang/ontologies/2021/DREAMDNPTO#NonpharmacologicalIntervention,NonpharmacologicalIntervention,Nonpharmacological Intervention,,2
http://www.semanticweb.org/zhenyuzhang/ontologies/2021/DREAMDNPTO#HealthCareProfessionalRecognitionProgram,HealthCareProfessionalRecognitionProgram,Health Care Professional Recognition Program,http://www.semanticweb.org/zhenyuzhang/ontologies/2021/DREAMDNPTO#HealthCareProfessionalFocusedIntervention,HealthCareProfessionalFocusedIntervention,Health Care Professional Focused Intervention,,3
http://www.semanticweb.org/zhenyuzhang/ontologies/2021/DREAMDNPTO#PersonCentredCareEudcationToHealthCareProfessional,PersonCentredCareEudcationToHealthCareProfessional,Person Centred Care Education to Health Care Professional,http://www.semanticweb.org/zhenyuzhang/ontologies/2021/DREAMDNPTO#HealthCareProfessionalFocusedIntervention,HealthCareProfessionalFocusedIntervention,Health Care Professional Focused Intervention,,3
http://www.semanticweb.org/zhenyuzhang/ontologies/2021/DREAMDNPTO#BPSDAssessmentTraining,BPSDAssessmentTraining,BPSD Assessment Training,http://www.semanticweb.org/zhenyuzhang/ontologies/2021/DREAMDNPTO#PersonCentredCareEudcationToHealthCareProfessional,PersonCentredCareEudcationToHealthCareProfessional,Person Centred Care Education to Health Care Professional,,4
http://www.semanticweb.org/zhenyuzhang/ontologies/2021/DREAMDNPTO#CommunicationSkillTraining,CommunicationSkillTraining,Communication Skill Training,http://www.semanticweb.org/zhenyuzhang/ontologies/2021/DREAMDNPTO#PersonCentredCareEudcationToHealthCareProfessional,PersonCentredCareEudcationToHealthCareProfessional,Person Centred Care Education to Health Care Professional,,4
http://www.semanticweb.org/zhenyuzhang/ontologies/2021/DREAMDNPTO#NatureOfBPSDTraining,NatureOfBPSDTraining,Nature of BPSD Training,http://www.semanticweb.org/zhenyuzhang/ontologies/2021/DREAMDNPTO#PersonCentredCareEudcationToHealthCareProfessional,PersonCentredCareEudcationToHealthCareProfessional,Person Centred Care Education to Health Care Professional,,4
http://www.semanticweb.org/zhenyuzhang/ontologies/2021/DREAMDNPTO#NonpharmacologicalInterventionTraining,NonpharmacologicalInterventionTraining,Nonpharmacological Intervention Training,http://www.semanticweb.org/zhenyuzhang/ontologies/2021/DREAMDNPTO#PersonCentredCareEudcationToHealthCareProfessional,PersonCentredCareEudcationToHealthCareProfessional,Person Centred Care Education to Health Care Professional,,4
http://www.semanticweb.org/zhenyuzhang/ontologies/2021/DREAMDNPTO#StaffSupervision,StaffSupervision,Staff Supervision,http://www.semanticweb.org/zhenyuzhang/ontologies/2021/DREAMDNPTO#HealthCareProfessionalFocusedIntervention,HealthCareProfessionalFocusedIntervention,Health Care Professional Focused Intervention,C0262730,3
http://www.semanticweb.org/zhenyuzhang/ontologies/2021/DREAMDNPTO#SupportToHealthCareProfessional,SupportToHealthCareProfessional,Support to Health Care Professional,http://www.semanticweb.org/zhenyuzhang/ontologies/2021/DREAMDNPTO#HealthCareProfessionalFocusedIntervention,HealthCareProfessionalFocusedIntervention,Health Care Professional Focused Intervention,,3
http://www.semanticweb.org/zhenyuzhang/ontologies/2021/DREAMDNPTO#WorkforcePlanning,WorkforcePlanning,Workforce Planning,http://www.semanticweb.org/zhenyuzhang/ontologies/2021/DREAMDNPTO#HealthCareProfessionalFocusedIntervention,HealthCareProfessionalFocusedIntervention,Health Care Professional Focused Intervention,,3
http://www.semanticweb.org/zhenyuzhang/ontologies/2021/DREAMDNPTO#PersonWithDementiaFocusedIntervention,PersonWithDementiaFocusedIntervention,Person with Dementia Focused Intervention,http://www.semanticweb.org/zhenyuzhang/ontologies/2021/DREAMDNPTO#NonpharmacologicalIntervention,NonpharmacologicalIntervention,Nonpharmacological Intervention,,2
http://www.semanticweb.org/zhenyuzhang/ontologies/2021/DREAMDNPTO#EnvironmentalModification,EnvironmentalModification,Environmental Modification,http://www.semanticweb.org/zhenyuzhang/ontologies/2021/DREAMDNPTO#PersonWithDementiaFocusedIntervention,PersonWithDementiaFocusedIntervention,Person with Dementia Focused Intervention,C0204546,3
http://www.semanticweb.org/zhenyuzhang/ontologies/2021/DREAMDNPTO#PhysicalEnvironmentalIntervention,PhysicalEnvironmentalIntervention,Physical Environmental Intervention,http://www.semanticweb.org/zhenyuzhang/ontologies/2021/DREAMDNPTO#EnvironmentalModification,EnvironmentalModification,Environmental Modification,,4
http://www.semanticweb.org/zhenyuzhang/ontologies/2021/DREAMDNPTO#EnhancingVisualAccess,EnhancingVisualAccess,Enhancing Visual Access,http://www.semanticweb.org/zhenyuzhang/ontologies/2021/DREAMDNPTO#PhysicalEnvironmentalIntervention,PhysicalEnvironmentalIntervention,Physical Environmental Intervention,,5
http://www.semanticweb.org/zhenyuzhang/ontologies/2021/DREAMDNPTO#ProvidingClearMarkedAccessToBathroom,ProvidingClearMarkedAccessToBathroom,Providing Clear Marked Access to Bathroom,http://www.semanticweb.org/zhenyuzhang/ontologies/2021/DREAMDNPTO#EnhancingVisualAccess,EnhancingVisualAccess,Enhancing Visual Access,,6
http://www.semanticweb.org/zhenyuzhang/ontologies/2021/DREAMDNPTO#ProvidingClearMarkedAccessToPersonalBelonging,ProvidingClearMarkedAccessToPersonalBelonging,Providing Clear Marked Access to Personal Belonging,http://www.semanticweb.org/zhenyuzhang/ontologies/2021/DREAMDNPTO#EnhancingVisualAccess,EnhancingVisualAccess,Enhancing Visual Access,,6
http://www.semanticweb.org/zhenyuzhang/ontologies/2021/DREAMDNPTO#MakingBuzzerEasyToReach,MakingBuzzerEasyToReach,Making Buzzer Easy to Reach,http://www.semanticweb.org/zhenyuzhang/ontologies/2021/DREAMDNPTO#PhysicalEnvironmentalIntervention,PhysicalEnvironmentalIntervention,Physical Environmental Intervention,,5
http://www.semanticweb.org/zhenyuzhang/ontologies/2021/DREAMDNPTO#MakingExitLessObvious,MakingExitLessObvious,Making Exit Less Obvious,http://www.semanticweb.org/zhenyuzhang/ontologies/2021/DREAMDNPTO#PhysicalEnvironmentalIntervention,PhysicalEnvironmentalIntervention,Physical Environmental Intervention,,5
http://www.semanticweb.org/zhenyuzhang/ontologies/2021/DREAMDNPTO#NoiseControl,NoiseControl,Noise Control,http://www.semanticweb.org/zhenyuzhang/ontologies/2021/DREAMDNPTO#PhysicalEnvironmentalIntervention,PhysicalEnvironmentalIntervention,Physical Environmental Intervention,C1822204,5
http://www.semanticweb.org/zhenyuzhang/ontologies/2021/DREAMDNPTO#ReducingNoiseOfNonemergencyOverheadPaging,ReducingNoiseOfNonemergencyOverheadPaging,Reducing Noise of Non-emergency Overhead Paging,http://www.semanticweb.org/zhenyuzhang/ontologies/2021/DREAMDNPTO#NoiseControl,NoiseControl,Noise Control,,6
http://www.semanticweb.org/zhenyuzhang/ontologies/2021/DREAMDNPTO#ProvidingAVarietyOfSpaceInEnvironment,ProvidingAVarietyOfSpaceInEnvironment,Providing a Variety of Space in Environment,http://www.semanticweb.org/zhenyuzhang/ontologies/2021/DREAMDNPTO#PhysicalEnvironmentalIntervention,PhysicalEnvironmentalIntervention,Physical Environmental Intervention,,5
http://www.semanticweb.org/zhenyuzhang/ontologies/2021/DREAMDNPTO#ProvidingActivityArea,ProvidingActivityArea,Providing Activity Area,http://www.semanticweb.org/zhenyuzhang/ontologies/2021/DREAMDNPTO#PhysicalEnvironmentalIntervention,PhysicalEnvironmentalIntervention,Physical Environmental Intervention,,5
http://www.semanticweb.org/zhenyuzhang/ontologies/2021/DREAMDNPTO#ProvidingCalmEnvironment,ProvidingCalmEnvironment,Providing Calm Environment,http://www.semanticweb.org/zhenyuzhang/ontologies/2021/DREAMDNPTO#PhysicalEnvironmentalIntervention,PhysicalEnvironmentalIntervention,Physical Environmental Intervention,C4713392,5
http://www.semanticweb.org/zhenyuzhang/ontologies/2021/DREAMDNPTO#ProvidingCrashMatForBedsideSafety,ProvidingCrashMatForBedsideSafety,Providing Crash Mat for Bedside Safety,http://www.semanticweb.org/zhenyuzhang/ontologies/2021/DREAMDNPTO#PhysicalEnvironmentalIntervention,PhysicalEnvironmentalIntervention,Physical Environmental Intervention,,5
http://www.semanticweb.org/zhenyuzhang/ontologies/2021/DREAMDNPTO#ProvidingDryingRackInRoom,ProvidingDryingRackInRoom,Providing Drying Rack In Room,http://www.semanticweb.org/zhenyuzhang/ontologies/2021/DREAMDNPTO#PhysicalEnvironmentalIntervention,PhysicalEnvironmentalIntervention,Physical Environmental Intervention,,5
http://www.semanticweb.org/zhenyuzhang/ontologies/2021/DREAMDNPTO#ProvidingEasyAccessToOutsideSpace,ProvidingEasyAccessToOutsideSpace,Providing Easy Access to Outside Space,http://www.semanticweb.org/zhenyuzhang/ontologies/2021/DREAMDNPTO#PhysicalEnvironmentalIntervention,PhysicalEnvironmentalIntervention,Physical Environmental Intervention,,5
http://www.semanticweb.org/zhenyuzhang/ontologies/2021/DREAMDNPTO#ProvidingHoist,ProvidingHoist,Providing Hoist,http://www.semanticweb.org/zhenyuzhang/ontologies/2021/DREAMDNPTO#PhysicalEnvironmentalIntervention,PhysicalEnvironmentalIntervention,Physical Environmental Intervention,C0556542,5
http://www.semanticweb.org/zhenyuzhang/ontologies/2021/DREAMDNPTO#ProvidingHomeLikeEnvironment,ProvidingHomeLikeEnvironment,Providing Home Like Environment,http://www.semanticweb.org/zhenyuzhang/ontologies/2021/DREAMDNPTO#PhysicalEnvironmentalIntervention,PhysicalEnvironmentalIntervention,Physical Environmental Intervention,C4710627,5
http://www.semanticweb.org/zhenyuzhang/ontologies/2021/DREAMDNPTO#HavingGarden,HavingGarden,Having Garden,http://www.semanticweb.org/zhenyuzhang/ontologies/2021/DREAMDNPTO#ProvidingHomeLikeEnvironment,ProvidingHomeLikeEnvironment,Providing Home Like Environment,,6
http://www.semanticweb.org/zhenyuzhang/ontologies/2021/DREAMDNPTO#HavingGardenShed,HavingGardenShed,Having Garden Shed,http://www.semanticweb.org/zhenyuzhang/ontologies/2021/DREAMDNPTO#ProvidingHomeLikeEnvironment,ProvidingHomeLikeEnvironment,Providing Home Like Environment,,6
http://www.semanticweb.org/zhenyuzhang/ontologies/2021/DREAMDNPTO#HavingKitchen,HavingKitchen,Having Kitchen,http://www.semanticweb.org/zhenyuzhang/ontologies/2021/DREAMDNPTO#ProvidingHomeLikeEnvironment,ProvidingHomeLikeEnvironment,Providing Home Like Environment,,6
http://www.semanticweb.org/zhenyuzhang/ontologies/2021/DREAMDNPTO#HavingPersonalFurnishing,HavingPersonalFurnishing,Having Personal Furnishing,http://www.semanticweb.org/zhenyuzhang/ontologies/2021/DREAMDNPTO#ProvidingHomeLikeEnvironment,ProvidingHomeLikeEnvironment,Providing Home Like Environment,,6
http://www.semanticweb.org/zhenyuzhang/ontologies/2021/DREAMDNPTO#HavingPersonalMemoryBox,HavingPersonalMemoryBox,Having Personal Memory Box,http://www.semanticweb.org/zhenyuzhang/ontologies/2021/DREAMDNPTO#ProvidingHomeLikeEnvironment,ProvidingHomeLikeEnvironment,Providing Home Like Environment,,6
http://www.semanticweb.org/zhenyuzhang/ontologies/2021/DREAMDNPTO#HavingPersonalisedDoor,HavingPersonalisedDoor,Having Personalised Door,http://www.semanticweb.org/zhenyuzhang/ontologies/2021/DREAMDNPTO#ProvidingHomeLikeEnvironment,ProvidingHomeLikeEnvironment,Providing Home Like Environment,,6
http://www.semanticweb.org/zhenyuzhang/ontologies/2021/DREAMDNPTO#HavingWashingLine,HavingWashingLine,Having Washing Line,http://www.semanticweb.org/zhenyuzhang/ontologies/2021/DREAMDNPTO#ProvidingHomeLikeEnvironment,ProvidingHomeLikeEnvironment,Providing Home Like Environment,,6
http://www.semanticweb.org/zhenyuzhang/ontologies/2021/DREAMDNPTO#ProvidingPrivateBathroom,ProvidingPrivateBathroom,Providing Private Bathroom,http://www.semanticweb.org/zhenyuzhang/ontologies/2021/DREAMDNPTO#PhysicalEnvironmentalIntervention,PhysicalEnvironmentalIntervention,Physical Environmental Intervention,,5
http://www.semanticweb.org/zhenyuzhang/ontologies/2021/DREAMDNPTO#ProvidingSafeOutsideSpace,ProvidingSafeOutsideSpace,Providing Safe Outside Space,http://www.semanticweb.org/zhenyuzhang/ontologies/2021/DREAMDNPTO#PhysicalEnvironmentalIntervention,PhysicalEnvironmentalIntervention,Physical Environmental Intervention,,5
http://www.semanticweb.org/zhenyuzhang/ontologies/2021/DREAMDNPTO#ProvidingSensorMat,ProvidingSensorMat,Providing Sensor Mat,http://www.semanticweb.org/zhenyuzhang/ontologies/2021/DREAMDNPTO#PhysicalEnvironmentalIntervention,PhysicalEnvironmentalIntervention,Physical Environmental Intervention,,5
http://www.semanticweb.org/zhenyuzhang/ontologies/2021/DREAMDNPTO#ProvidingSingleBedroom,ProvidingSingleBedroom,Providing Single Bedroom,http://www.semanticweb.org/zhenyuzhang/ontologies/2021/DREAMDNPTO#PhysicalEnvironmentalIntervention,PhysicalEnvironmentalIntervention,Physical Environmental Intervention,,5
http://www.semanticweb.org/zhenyuzhang/ontologies/2021/DREAMDNPTO#ProvidingSufficientLighting,ProvidingSufficientLighting,Providing Sufficient Lighting,http://www.semanticweb.org/zhenyuzhang/ontologies/2021/DREAMDNPTO#PhysicalEnvironmentalIntervention,PhysicalEnvironmentalIntervention,Physical Environmental Intervention,,5
http://www.semanticweb.org/zhenyuzhang/ontologies/2021/DREAMDNPTO#ReducingClutter,ReducingClutter,Reducing Clutter,http://www.semanticweb.org/zhenyuzhang/ontologies/2021/DREAMDNPTO#PhysicalEnvironmentalIntervention,PhysicalEnvironmentalIntervention,Physical Environmental Intervention,,5
http://www.semanticweb.org/zhenyuzhang/ontologies/2021/DREAMDNPTO#ReducingLightGlare,ReducingLightGlare,Reducing Light Glare,http://www.semanticweb.org/zhenyuzhang/ontologies/2021/DREAMDNPTO#PhysicalEnvironmentalIntervention,PhysicalEnvironmentalIntervention,Physical Environmental Intervention,,5
http://www.semanticweb.org/zhenyuzhang/ontologies/2021/DREAMDNPTO#RemovingDangerousObject,RemovingDangerousObject,Removing Dangerous Object,http://www.semanticweb.org/zhenyuzhang/ontologies/2021/DREAMDNPTO#PhysicalEnvironmentalIntervention,PhysicalEnvironmentalIntervention,Physical Environmental Intervention,C0548146,5
http://www.semanticweb.org/zhenyuzhang/ontologies/2021/DREAMDNPTO#UsingPortableBedsideCommode,UsingPortableBedsideCommode,Using a Portable Bedside Commode,http://www.semanticweb.org/zhenyuzhang/ontologies/2021/DREAMDNPTO#PhysicalEnvironmentalIntervention,PhysicalEnvironmentalIntervention,Physical Environmental Intervention,,5
http://www.semanticweb.org/zhenyuzhang/ontologies/2021/DREAMDNPTO#UsingUnobtrusiveSafetyDesignForPhysicalEnviornment,UsingUnobtrusiveSafetyDesignForPhysicalEnviornment,Using Unobtrusive Safety Design for Physical Environment,http://www.semanticweb.org/zhenyuzhang/ontologies/2021/DREAMDNPTO#PhysicalEnvironmentalIntervention,PhysicalEnvironmentalIntervention,Physical Environmental Intervention,,5
http://www.semanticweb.org/zhenyuzhang/ontologies/2021/DREAMDNPTO#SocialEnvironmentalIntervention,SocialEnvironmentalIntervention,Social Environmental Intervention,http://www.semanticweb.org/zhenyuzhang/ontologies/2021/DREAMDNPTO#EnvironmentalModification,EnvironmentalModification,Environmental Modification,C4304386,4
http://www.semanticweb.org/zhenyuzhang/ontologies/2021/DREAMDNPTO#ConsistencyOfStaff,ConsistencyOfStaff,Consistency of Staff Providing Care,http://www.semanticweb.org/zhenyuzhang/ontologies/2021/DREAMDNPTO#SocialEnvironmentalIntervention,SocialEnvironmentalIntervention,Social Environmental Intervention,C1822381,5
http://www.semanticweb.org/zhenyuzhang/ontologies/2021/DREAMDNPTO#HavingRegularRoutine,HavingRegularRoutine,Having Regular Routine,http://www.semanticweb.org/zhenyuzhang/ontologies/2021/DREAMDNPTO#SocialEnvironmentalIntervention,SocialEnvironmentalIntervention,Social Environmental Intervention,,5
http://www.semanticweb.org/zhenyuzhang/ontologies/2021/DREAMDNPTO#SocialSupportGroupProgram,SocialSupportGroupProgram,Social Support Group Program,http://www.semanticweb.org/zhenyuzhang/ontologies/2021/DREAMDNPTO#SocialEnvironmentalIntervention,SocialEnvironmentalIntervention,Social Environmental Intervention,,5
http://www.semanticweb.org/zhenyuzhang/ontologies/2021/DREAMDNPTO#VolunteerProgram,VolunteerProgram,Volunteer Program,http://www.semanticweb.org/zhenyuzhang/ontologies/2021/DREAMDNPTO#SocialEnvironmentalIntervention,SocialEnvironmentalIntervention,Social Environmental Intervention,,5
http://www.semanticweb.org/zhenyuzhang/ontologies/2021/DREAMDNPTO#NursingPracticeIntervention,NursingPracticeIntervention,Nursing Practice Intervention,http://www.semanticweb.org/zhenyuzhang/ontologies/2021/DREAMDNPTO#PersonWithDementiaFocusedIntervention,PersonWithDementiaFocusedIntervention,Person with Dementia Focused Intervention,C0204650,3
http://www.semanticweb.org/zhenyuzhang/ontologies/2021/DREAMDNPTO#AdministrationOfMedication,AdministrationOfMedication,Administration of Medication,http://www.semanticweb.org/zhenyuzhang/ontologies/2021/DREAMDNPTO#NursingPracticeIntervention,NursingPracticeIntervention,Nursing Practice Intervention,C3469597,4
http://www.semanticweb.org/zhenyuzhang/ontologies/2021/DREAMDNPTO#ApplyingDressingToWound,ApplyingDressingToWound,Applying Dressing to Wound,http://www.semanticweb.org/zhenyuzhang/ontologies/2021/DREAMDNPTO#NursingPracticeIntervention,NursingPracticeIntervention,Nursing Practice Intervention,C1736039,4
http://www.semanticweb.org/zhenyuzhang/ontologies/2021/DREAMDNPTO#ApplyingHotPack,ApplyingHotPack,Applying Hot Pack,http://www.semanticweb.org/zhenyuzhang/ontologies/2021/DREAMDNPTO#NursingPracticeIntervention,NursingPracticeIntervention,Nursing Practice Intervention,C5415988,4
http://www.semanticweb.org/zhenyuzhang/ontologies/2021/DREAMDNPTO#ApplyingWarmBlanket,ApplyingWarmBlanket,Applying Warm Blanket,http://www.semanticweb.org/zhenyuzhang/ontologies/2021/DREAMDNPTO#NursingPracticeIntervention,NursingPracticeIntervention,Nursing Practice Intervention,C0509768,4
http://www.semanticweb.org/zhenyuzhang/ontologies/2021/DREAMDNPTO#AssistingWithActivityOfDailyLiving,AssistingWithActivityOfDailyLiving,Assisting with Activity of Daily Living,http://www.semanticweb.org/zhenyuzhang/ontologies/2021/DREAMDNPTO#NursingPracticeIntervention,NursingPracticeIntervention,Nursing Practice Intervention,C0509063,4
http://www.semanticweb.org/zhenyuzhang/ontologies/2021/DREAMDNPTO#AssistingWithContinenceCare,AssistingWithContinenceCare,Assisting with Continence Care,http://www.semanticweb.org/zhenyuzhang/ontologies/2021/DREAMDNPTO#AssistingWithActivityOfDailyLiving,AssistingWithActivityOfDailyLiving,Assisting with Activity of Daily Living,,5
http://www.semanticweb.org/zhenyuzhang/ontologies/2021/DREAMDNPTO#AssistingWithToileting,AssistingWithToileting,Assisting with Toileting,http://www.semanticweb.org/zhenyuzhang/ontologies/2021/DREAMDNPTO#AssistingWithContinenceCare,AssistingWithContinenceCare,Assisting with Continence Care,C0150335,6
http://www.semanticweb.org/zhenyuzhang/ontologies/2021/DREAMDNPTO#RegularToileting,RegularToileting,Regular Toileting,http://www.semanticweb.org/zhenyuzhang/ontologies/2021/DREAMDNPTO#AssistingWithToileting,AssistingWithToileting,Assisting with Toileting,C0509128,7
http://www.semanticweb.org/zhenyuzhang/ontologies/2021/DREAMDNPTO#ChangingContinenceAid,ChangingContinenceAid,Changing Continence Aid,http://www.semanticweb.org/zhenyuzhang/ontologies/2021/DREAMDNPTO#AssistingWithContinenceCare,AssistingWithContinenceCare,Assisting with Continence Care,,6
http://www.semanticweb.org/zhenyuzhang/ontologies/2021/DREAMDNPTO#ProvidingContinenceAid,ProvidingContinenceAid,Providing Continence Aid,http://www.semanticweb.org/zhenyuzhang/ontologies/2021/DREAMDNPTO#AssistingWithContinenceCare,AssistingWithContinenceCare,Assisting with Continence Care,C4714635,6
http://www.semanticweb.org/zhenyuzhang/ontologies/2021/DREAMDNPTO#AssistingWithEating,AssistingWithEating,Assisting with Eating,http://www.semanticweb.org/zhenyuzhang/ontologies/2021/DREAMDNPTO#AssistingWithActivityOfDailyLiving,AssistingWithActivityOfDailyLiving,Assisting with Activity of Daily Living,C1279813,5
http://www.semanticweb.org/zhenyuzhang/ontologies/2021/DREAMDNPTO#AssistingInCuttingUpFood,AssistingInCuttingUpFood,Assisting in Cutting up Food,http://www.semanticweb.org/zhenyuzhang/ontologies/2021/DREAMDNPTO#AssistingWithEating,AssistingWithEating,Assisting with Eating,,6
http://www.semanticweb.org/zhenyuzhang/ontologies/2021/DREAMDNPTO#AssistingInFeedingPerson,AssistingInFeedingPerson,Assisting in Feeding Person,http://www.semanticweb.org/zhenyuzhang/ontologies/2021/DREAMDNPTO#AssistingWithEating,AssistingWithEating,Assisting with Eating,C0150334,6
http://www.semanticweb.org/zhenyuzhang/ontologies/2021/DREAMDNPTO#AssistingWithMobility,AssistingWithMobility,Assisting with Mobility,http://www.semanticweb.org/zhenyuzhang/ontologies/2021/DREAMDNPTO#AssistingWithActivityOfDailyLiving,AssistingWithActivityOfDailyLiving,Assisting with Activity of Daily Living,C3650993,5
http://www.semanticweb.org/zhenyuzhang/ontologies/2021/DREAMDNPTO#AssistingWithPersonalGrooming,AssistingWithPersonalGrooming,Assisting with Personal Grooming,http://www.semanticweb.org/zhenyuzhang/ontologies/2021/DREAMDNPTO#AssistingWithActivityOfDailyLiving,AssistingWithActivityOfDailyLiving,Assisting with Activity of Daily Living,C0150333,5
http://www.semanticweb.org/zhenyuzhang/ontologies/2021/DREAMDNPTO#AssistingInApplyingMakeup,AssistingInApplyingMakeup,Assisting in Applying Makeup,http://www.semanticweb.org/zhenyuzhang/ontologies/2021/DREAMDNPTO#AssistingWithPersonalGrooming,AssistingWithPersonalGrooming,Assisting with Personal Grooming,C2732586,6
http://www.semanticweb.org/zhenyuzhang/ontologies/2021/DREAMDNPTO#AssistingInChoosingAppropriateClothing,AssistingInChoosingAppropriateClothing,Assisting in Choosing Appropriate Clothing,http://www.semanticweb.org/zhenyuzhang/ontologies/2021/DREAMDNPTO#AssistingWithPersonalGrooming,AssistingWithPersonalGrooming,Assisting with Personal Grooming,C2371469,6
http://www.semanticweb.org/zhenyuzhang/ontologies/2021/DREAMDNPTO#AssistingInPuttingOnClothes,AssistingInPuttingOnClothes,Assisting in Putting on Clothes,http://www.semanticweb.org/zhenyuzhang/ontologies/2021/DREAMDNPTO#AssistingWithPersonalGrooming,AssistingWithPersonalGrooming,Assisting with Personal Grooming,C1998794,6
http://www.semanticweb.org/zhenyuzhang/ontologies/2021/DREAMDNPTO#AssistingInTakingOffClothes,AssistingInTakingOffClothes,Assisting in Taking off Clothes,http://www.semanticweb.org/zhenyuzhang/ontologies/2021/DREAMDNPTO#AssistingWithPersonalGrooming,AssistingWithPersonalGrooming,Assisting with Personal Grooming,C1998905,6
http://www.semanticweb.org/zhenyuzhang/ontologies/2021/DREAMDNPTO#AssistingWithPersonalHygiene,AssistingWithPersonalHygiene,Assisting with Personal Hygiene,http://www.semanticweb.org/zhenyuzhang/ontologies/2021/DREAMDNPTO#AssistingWithActivityOfDailyLiving,AssistingWithActivityOfDailyLiving,Assisting with Activity of Daily Living,C1279778,5
http://www.semanticweb.org/zhenyuzhang/ontologies/2021/DREAMDNPTO#AssistingWithHairCare,AssistingWithHairCare,Assisting with Hair Care,http://www.semanticweb.org/zhenyuzhang/ontologies/2021/DREAMDNPTO#AssistingWithPersonalHygiene,AssistingWithPersonalHygiene,Assisting with Personal Hygiene,C1822179,6
http://www.semanticweb.org/zhenyuzhang/ontologies/2021/DREAMDNPTO#AssistingWithNailCare,AssistingWithNailCare,Assisting with Nail Care,http://www.semanticweb.org/zhenyuzhang/ontologies/2021/DREAMDNPTO#AssistingWithPersonalHygiene,AssistingWithPersonalHygiene,Assisting with Personal Hygiene,C1279776,6
http://www.semanticweb.org/zhenyuzhang/ontologies/2021/DREAMDNPTO#AssistingWithOralCare,AssistingWithOralCare,Assisting with Oral Care,http://www.semanticweb.org/zhenyuzhang/ontologies/2021/DREAMDNPTO#AssistingWithPersonalHygiene,AssistingWithPersonalHygiene,Assisting with Personal Hygiene,C5141266,6
http://www.semanticweb.org/zhenyuzhang/ontologies/2021/DREAMDNPTO#AssistingWithSleep,AssistingWithSleep,Assisting with Sleep,http://www.semanticweb.org/zhenyuzhang/ontologies/2021/DREAMDNPTO#AssistingWithActivityOfDailyLiving,AssistingWithActivityOfDailyLiving,Assisting with Activity of Daily Living,,5
http://www.semanticweb.org/zhenyuzhang/ontologies/2021/DREAMDNPTO#AssistingWithMedicationManagement,AssistingWithMedicationManagement,Assisting with Medication Management,http://www.semanticweb.org/zhenyuzhang/ontologies/2021/DREAMDNPTO#NursingPracticeIntervention,NursingPracticeIntervention,Nursing Practice Intervention,,4
http://www.semanticweb.org/zhenyuzhang/ontologies/2021/DREAMDNPTO#CrushingOralMedicationForPeopleWithSwallowingDifficulty,CrushingOralMedicationForPeopleWithSwallowingDifficulty,Crushing Oral Medication for People with Swallowing Difficulty,http://www.semanticweb.org/zhenyuzhang/ontologies/2021/DREAMDNPTO#AssistingWithMedicationManagement,AssistingWithMedicationManagement,Assisting with Medication Management,,5
http://www.semanticweb.org/zhenyuzhang/ontologies/2021/DREAMDNPTO#LockingUpMedicationWhenNotInUse,LockingUpMedicationWhenNotInUse,Locking Up Medication When not in Use,http://www.semanticweb.org/zhenyuzhang/ontologies/2021/DREAMDNPTO#AssistingWithMedicationManagement,AssistingWithMedicationManagement,Assisting with Medication Management,,5
http://www.semanticweb.org/zhenyuzhang/ontologies/2021/DREAMDNPTO#MonitoringPersonTakingMedication,MonitoringPersonTakingMedication,Monitoring Person Taking Medication,http://www.semanticweb.org/zhenyuzhang/ontologies/2021/DREAMDNPTO#AssistingWithMedicationManagement,AssistingWithMedicationManagement,Assisting with Medication Management,,5
http://www.semanticweb.org/zhenyuzhang/ontologies/2021/DREAMDNPTO#CheckingHearingAid,CheckingHearingAid,Checking Hearing Aid,http://www.semanticweb.org/zhenyuzhang/ontologies/2021/DREAMDNPTO#NursingPracticeIntervention,NursingPracticeIntervention,Nursing Practice Intervention,C0455223,4
http://www.semanticweb.org/zhenyuzhang/ontologies/2021/DREAMDNPTO#CheckingPerson,CheckingPerson,Checking Person,http://www.semanticweb.org/zhenyuzhang/ontologies/2021/DREAMDNPTO#NursingPracticeIntervention,NursingPracticeIntervention,Nursing Practice Intervention,,4
http://www.semanticweb.org/zhenyuzhang/ontologies/2021/DREAMDNPTO#CheckingVisionAid,CheckingVisionAid,Checking Vision Aid,http://www.semanticweb.org/zhenyuzhang/ontologies/2021/DREAMDNPTO#NursingPracticeIntervention,NursingPracticeIntervention,Nursing Practice Intervention,,4
http://www.semanticweb.org/zhenyuzhang/ontologies/2021/DREAMDNPTO#CleaningHearingAid,CleaningHearingAid,Cleaning Hearing Aid,http://www.semanticweb.org/zhenyuzhang/ontologies/2021/DREAMDNPTO#NursingPracticeIntervention,NursingPracticeIntervention,Nursing Practice Intervention,,4
http://www.semanticweb.org/zhenyuzhang/ontologies/2021/DREAMDNPTO#CleaningVisionAid,CleaningVisionAid,Cleaning Vision Aid,http://www.semanticweb.org/zhenyuzhang/ontologies/2021/DREAMDNPTO#NursingPracticeIntervention,NursingPracticeIntervention,Nursing Practice Intervention,,4
http://www.semanticweb.org/zhenyuzhang/ontologies/2021/DREAMDNPTO#Distraction,Distraction,Distraction,http://www.semanticweb.org/zhenyuzhang/ontologies/2021/DREAMDNPTO#NursingPracticeIntervention,NursingPracticeIntervention,Nursing Practice Intervention,C1369038,4
http://www.semanticweb.org/zhenyuzhang/ontologies/2021/DREAMDNPTO#EmotionalSupport,EmotionalSupport,Emotional Support,http://www.semanticweb.org/zhenyuzhang/ontologies/2021/DREAMDNPTO#NursingPracticeIntervention,NursingPracticeIntervention,Nursing Practice Intervention,C0600015,4
http://www.semanticweb.org/zhenyuzhang/ontologies/2021/DREAMDNPTO#EngagingPersonInActivity,EngagingPersonInActivity,Engaging Person in Activity,http://www.semanticweb.org/zhenyuzhang/ontologies/2021/DREAMDNPTO#NursingPracticeIntervention,NursingPracticeIntervention,Nursing Practice Intervention,,4
http://www.semanticweb.org/zhenyuzhang/ontologies/2021/DREAMDNPTO#SchedulingChallengingActivityWhenPersonIsAtHisBest,SchedulingChallengingActivityWhenPersonIsAtHisBest,Scheduling Challenging Activity When Person with Dementia is at His Best,http://www.semanticweb.org/zhenyuzhang/ontologies/2021/DREAMDNPTO#EngagingPersonInActivity,EngagingPersonInActivity,Engaging Person in Activity,,5
http://www.semanticweb.org/zhenyuzhang/ontologies/2021/DREAMDNPTO#SimplifyingTask,SimplifyingTask,Simplifying Task,http://www.semanticweb.org/zhenyuzhang/ontologies/2021/DREAMDNPTO#EngagingPersonInActivity,EngagingPersonInActivity,Engaging Person in Activity,,5
http://www.semanticweb.org/zhenyuzhang/ontologies/2021/DREAMDNPTO#ExplanationOfNursingCare,ExplanationOfNursingCare,Explanation of Nursing Care,http://www.semanticweb.org/zhenyuzhang/ontologies/2021/DREAMDNPTO#NursingPracticeIntervention,NursingPracticeIntervention,Nursing Practice Intervention,C4715424,4
http://www.semanticweb.org/zhenyuzhang/ontologies/2021/DREAMDNPTO#GivingEncouragement,GivingEncouragement,Giving Encouragement,http://www.semanticweb.org/zhenyuzhang/ontologies/2021/DREAMDNPTO#NursingPracticeIntervention,NursingPracticeIntervention,Nursing Practice Intervention,C0582387,4
http://www.semanticweb.org/zhenyuzhang/ontologies/2021/DREAMDNPTO#EncouragingCommunication,EncouragingCommunication,Encouraging Communication,http://www.semanticweb.org/zhenyuzhang/ontologies/2021/DREAMDNPTO#GivingEncouragement,GivingEncouragement,Giving Encouragement,C2922288,5
http://www.semanticweb.org/zhenyuzhang/ontologies/2021/DREAMDNPTO#EncouragingPhysicalActivity,EncouragingPhysicalActivity,Encouraging Physical Activity,http://www.semanticweb.org/zhenyuzhang/ontologies/2021/DREAMDNPTO#GivingEncouragement,GivingEncouragement,Giving Encouragement,C2922556,5
http://www.semanticweb.org/zhenyuzhang/ontologies/2021/DREAMDNPTO#EncouragingToDrinkWater,EncouragingToDrinkWater,Encouraging to Drink Water,http://www.semanticweb.org/zhenyuzhang/ontologies/2021/DREAMDNPTO#GivingEncouragement,GivingEncouragement,Giving Encouragement,,5
http://www.semanticweb.org/zhenyuzhang/ontologies/2021/DREAMDNPTO#EncouragingToEatFood,EncouragingToEatFood,Encouraging to Eat Food,http://www.semanticweb.org/zhenyuzhang/ontologies/2021/DREAMDNPTO#GivingEncouragement,GivingEncouragement,Giving Encouragement,,5
http://www.semanticweb.org/zhenyuzhang/ontologies/2021/DREAMDNPTO#InformingLegalRepresentative,InformingLegalRepresentative,Informing Legal Representative,http://www.semanticweb.org/zhenyuzhang/ontologies/2021/DREAMDNPTO#NursingPracticeIntervention,NursingPracticeIntervention,Nursing Practice Intervention,,4
http://www.semanticweb.org/zhenyuzhang/ontologies/2021/DREAMDNPTO#InformingMedicalPractitioner,InformingMedicalPractitioner,Informing Medical Practitioner,http://www.semanticweb.org/zhenyuzhang/ontologies/2021/DREAMDNPTO#NursingPracticeIntervention,NursingPracticeIntervention,Nursing Practice Intervention,C0582446,4
http://www.semanticweb.org/zhenyuzhang/ontologies/2021/DREAMDNPTO#InformingNurse,InformingNurse,Informing Nurse,http://www.semanticweb.org/zhenyuzhang/ontologies/2021/DREAMDNPTO#NursingPracticeIntervention,NursingPracticeIntervention,Nursing Practice Intervention,C0204646,4
http://www.semanticweb.org/zhenyuzhang/ontologies/2021/DREAMDNPTO#InformingRelative,InformingRelative,Informing Relative,http://www.semanticweb.org/zhenyuzhang/ontologies/2021/DREAMDNPTO#NursingPracticeIntervention,NursingPracticeIntervention,Nursing Practice Intervention,C0582447,4
http://www.semanticweb.org/zhenyuzhang/ontologies/2021/DREAMDNPTO#InternetBasedIntervention,InternetBasedIntervention,Internet-Based Intervention,http://www.semanticweb.org/zhenyuzhang/ontologies/2021/DREAMDNPTO#NursingPracticeIntervention,NursingPracticeIntervention,Nursing Practice Intervention,C3898714,4
http://www.semanticweb.org/zhenyuzhang/ontologies/2021/DREAMDNPTO#LiaisingWithLegalRepresentative,LiaisingWithLegalRepresentative,Liaising with Legal Representative,http://www.semanticweb.org/zhenyuzhang/ontologies/2021/DREAMDNPTO#NursingPracticeIntervention,NursingPracticeIntervention,Nursing Practice Intervention,,4
http://www.semanticweb.org/zhenyuzhang/ontologies/2021/DREAMDNPTO#LiaisingWithMedicalPractitioner,LiaisingWithMedicalPractitioner,Liaising with Medical Practitioner,http://www.semanticweb.org/zhenyuzhang/ontologies/2021/DREAMDNPTO#NursingPracticeIntervention,NursingPracticeIntervention,Nursing Practice Intervention,C4041416,4
http://www.semanticweb.org/zhenyuzhang/ontologies/2021/DREAMDNPTO#LiaisingWithPharmacist,LiaisingWithPharmacist,Liaising with Pharmacist,http://www.semanticweb.org/zhenyuzhang/ontologies/2021/DREAMDNPTO#NursingPracticeIntervention,NursingPracticeIntervention,Nursing Practice Intervention,C4041532,4
http://www.semanticweb.org/zhenyuzhang/ontologies/2021/DREAMDNPTO#LiasingWithRelative,LiasingWithRelative,Liaising with Relative,http://www.semanticweb.org/zhenyuzhang/ontologies/2021/DREAMDNPTO#NursingPracticeIntervention,NursingPracticeIntervention,Nursing Practice Intervention,C1279781,4
http://www.semanticweb.org/zhenyuzhang/ontologies/2021/DREAMDNPTO#MakingBed,MakingBed,Making Bed,http://www.semanticweb.org/zhenyuzhang/ontologies/2021/DREAMDNPTO#NursingPracticeIntervention,NursingPracticeIntervention,Nursing Practice Intervention,C0204676,4
http://www.semanticweb.org/zhenyuzhang/ontologies/2021/DREAMDNPTO#Monitoring,Monitoring,Monitoring,http://www.semanticweb.org/zhenyuzhang/ontologies/2021/DREAMDNPTO#NursingPracticeIntervention,NursingPracticeIntervention,Nursing Practice Intervention,C0030695,4
http://www.semanticweb.org/zhenyuzhang/ontologies/2021/DREAMDNPTO#Observation,Observation,Observation,http://www.semanticweb.org/zhenyuzhang/ontologies/2021/DREAMDNPTO#NursingPracticeIntervention,NursingPracticeIntervention,Nursing Practice Intervention,C0700325,4
http://www.semanticweb.org/zhenyuzhang/ontologies/2021/DREAMDNPTO#OfferingDrink,OfferingDrink,Offering Drink,http://www.semanticweb.org/zhenyuzhang/ontologies/2021/DREAMDNPTO#NursingPracticeIntervention,NursingPracticeIntervention,Nursing Practice Intervention,,4
http://www.semanticweb.org/zhenyuzhang/ontologies/2021/DREAMDNPTO#OfferingFood,OfferingFood,Offering Food,http://www.semanticweb.org/zhenyuzhang/ontologies/2021/DREAMDNPTO#NursingPracticeIntervention,NursingPracticeIntervention,Nursing Practice Intervention,C3650749,4
http://www.semanticweb.org/zhenyuzhang/ontologies/2021/DREAMDNPTO#PayingCloseAttentionToSharpObject,PayingCloseAttentionToSharpObject,Paying Close Attention to Sharp Object,http://www.semanticweb.org/zhenyuzhang/ontologies/2021/DREAMDNPTO#NursingPracticeIntervention,NursingPracticeIntervention,Nursing Practice Intervention,,4
http://www.semanticweb.org/zhenyuzhang/ontologies/2021/DREAMDNPTO#PhysicalRestraint,PhysicalRestraint,Physical Restraint,http://www.semanticweb.org/zhenyuzhang/ontologies/2021/DREAMDNPTO#NursingPracticeIntervention,NursingPracticeIntervention,Nursing Practice Intervention,C0035260,4
http://www.semanticweb.org/zhenyuzhang/ontologies/2021/DREAMDNPTO#ProvidingAdequateRest,ProvidingAdequateRest,Providing Adequate Rest,http://www.semanticweb.org/zhenyuzhang/ontologies/2021/DREAMDNPTO#NursingPracticeIntervention,NursingPracticeIntervention,Nursing Practice Intervention,C4713371,4
http://www.semanticweb.org/zhenyuzhang/ontologies/2021/DREAMDNPTO#ProvidingCaffeineFreeBeverage,ProvidingCaffeineFreeBeverage,Providing Caffeine-Free Beverage,http://www.semanticweb.org/zhenyuzhang/ontologies/2021/DREAMDNPTO#NursingPracticeIntervention,NursingPracticeIntervention,Nursing Practice Intervention,,4
http://www.semanticweb.org/zhenyuzhang/ontologies/2021/DREAMDNPTO#ProvidingConcentratedOxygen,ProvidingConcentratedOxygen,Providing Concentrated Oxygen,http://www.semanticweb.org/zhenyuzhang/ontologies/2021/DREAMDNPTO#NursingPracticeIntervention,NursingPracticeIntervention,Nursing Practice Intervention,C2922275,4
http://www.semanticweb.org/zhenyuzhang/ontologies/2021/DREAMDNPTO#ProvidingFavouriteFood,ProvidingFavouriteFood,Providing Favourite Food,http://www.semanticweb.org/zhenyuzhang/ontologies/2021/DREAMDNPTO#NursingPracticeIntervention,NursingPracticeIntervention,Nursing Practice Intervention,,4
http://www.semanticweb.org/zhenyuzhang/ontologies/2021/DREAMDNPTO#ProvidingSnack,ProvidingSnack,Providing Snack,http://www.semanticweb.org/zhenyuzhang/ontologies/2021/DREAMDNPTO#NursingPracticeIntervention,NursingPracticeIntervention,Nursing Practice Intervention,,4
http://www.semanticweb.org/zhenyuzhang/ontologies/2021/DREAMDNPTO#Reassurance,Reassurance,Reassurance,http://www.semanticweb.org/zhenyuzhang/ontologies/2021/DREAMDNPTO#NursingPracticeIntervention,NursingPracticeIntervention,Nursing Practice Intervention,C0514711,4
http://www.semanticweb.org/zhenyuzhang/ontologies/2021/DREAMDNPTO#Redirection,Redirection,Redirection,http://www.semanticweb.org/zhenyuzhang/ontologies/2021/DREAMDNPTO#NursingPracticeIntervention,NursingPracticeIntervention,Nursing Practice Intervention,C0547409,4
http://www.semanticweb.org/zhenyuzhang/ontologies/2021/DREAMDNPTO#ReductionOfDaytimeSleep,ReductionOfDaytimeSleep,Reduction of Daytime Sleep,http://www.semanticweb.org/zhenyuzhang/ontologies/2021/DREAMDNPTO#NursingPracticeIntervention,NursingPracticeIntervention,Nursing Practice Intervention,,4
http://www.semanticweb.org/zhenyuzhang/ontologies/2021/DREAMDNPTO#ReferralToRequiredServiceProvider,ReferralToRequiredServiceProvider,Referral to Required Service Provider,http://www.semanticweb.org/zhenyuzhang/ontologies/2021/DREAMDNPTO#NursingPracticeIntervention,NursingPracticeIntervention,Nursing Practice Intervention,C4713277,4
http://www.semanticweb.org/zhenyuzhang/ontologies/2021/DREAMDNPTO#ReferralToASpecialist,ReferralToASpecialist,Referral to a Specialist,http://www.semanticweb.org/zhenyuzhang/ontologies/2021/DREAMDNPTO#ReferralToRequiredServiceProvider,ReferralToRequiredServiceProvider,Referral to Required Service Provider,C0849620,5
http://www.semanticweb.org/zhenyuzhang/ontologies/2021/DREAMDNPTO#ReferralToPsychiatrist,ReferralToPsychiatrist,Referral to Psychiatrist,http://www.semanticweb.org/zhenyuzhang/ontologies/2021/DREAMDNPTO#ReferralToASpecialist,ReferralToASpecialist,Referral to a Specialist,C0586090,6
http://www.semanticweb.org/zhenyuzhang/ontologies/2021/DREAMDNPTO#ReferralToPsychogeriatration,ReferralToPsychogeriatration,Referral to Psychogeriatration,http://www.semanticweb.org/zhenyuzhang/ontologies/2021/DREAMDNPTO#ReferralToASpecialist,ReferralToASpecialist,Referral to a Specialist,,6
http://www.semanticweb.org/zhenyuzhang/ontologies/2021/DREAMDNPTO#ReferralToPsychologist,ReferralToPsychologist,Referral to Psychologist,http://www.semanticweb.org/zhenyuzhang/ontologies/2021/DREAMDNPTO#ReferralToASpecialist,ReferralToASpecialist,Referral to a Specialist,C0420369,6
http://www.semanticweb.org/zhenyuzhang/ontologies/2021/DREAMDNPTO#ReferralToPolice,ReferralToPolice,Referral to Police,http://www.semanticweb.org/zhenyuzhang/ontologies/2021/DREAMDNPTO#ReferralToRequiredServiceProvider,ReferralToRequiredServiceProvider,Referral to Required Service Provider,C1656433,5
http://www.semanticweb.org/zhenyuzhang/ontologies/2021/DREAMDNPTO#RelocatingPersonToAppropriateArea,RelocatingPersonToAppropriateArea,Relocating Person to Appropirate Area,http://www.semanticweb.org/zhenyuzhang/ontologies/2021/DREAMDNPTO#NursingPracticeIntervention,NursingPracticeIntervention,Nursing Practice Intervention,,4
http://www.semanticweb.org/zhenyuzhang/ontologies/2021/DREAMDNPTO#Reminding,Reminding,Reminding,http://www.semanticweb.org/zhenyuzhang/ontologies/2021/DREAMDNPTO#NursingPracticeIntervention,NursingPracticeIntervention,Nursing Practice Intervention,C0557033,4
http://www.semanticweb.org/zhenyuzhang/ontologies/2021/DREAMDNPTO#UsingVerbalReminder,UsingVerbalReminder,Using Verbal Reminder,http://www.semanticweb.org/zhenyuzhang/ontologies/2021/DREAMDNPTO#Reminding,Reminding,Reminding,,5
http://www.semanticweb.org/zhenyuzhang/ontologies/2021/DREAMDNPTO#UsingWrittenNoteAsReminder,UsingWrittenNoteAsReminder,Using Written Note as Reminder,http://www.semanticweb.org/zhenyuzhang/ontologies/2021/DREAMDNPTO#Reminding,Reminding,Reminding,,5
http://www.semanticweb.org/zhenyuzhang/ontologies/2021/DREAMDNPTO#Reorientation,Reorientation,Reorientation,http://www.semanticweb.org/zhenyuzhang/ontologies/2021/DREAMDNPTO#NursingPracticeIntervention,NursingPracticeIntervention,Nursing Practice Intervention,C0204745,4
http://www.semanticweb.org/zhenyuzhang/ontologies/2021/DREAMDNPTO#ReorientationToEvent,ReorientationToEvent,Reorientation to Event,http://www.semanticweb.org/zhenyuzhang/ontologies/2021/DREAMDNPTO#Reorientation,Reorientation,Reorientation,,5
http://www.semanticweb.org/zhenyuzhang/ontologies/2021/DREAMDNPTO#ReorientationToPerson,ReorientationToPerson,Reorientation to Person,http://www.semanticweb.org/zhenyuzhang/ontologies/2021/DREAMDNPTO#Reorientation,Reorientation,Reorientation,,5
http://www.semanticweb.org/zhenyuzhang/ontologies/2021/DREAMDNPTO#ReorientationToPlace,ReorientationToPlace,Reorientation to Place,http://www.semanticweb.org/zhenyuzhang/ontologies/2021/DREAMDNPTO#Reorientation,Reorientation,Reorientation,,5
http://www.semanticweb.org/zhenyuzhang/ontologies/2021/DREAMDNPTO#ReorientationToTime,ReorientationToTime,Reorientation to Time,http://www.semanticweb.org/zhenyuzhang/ontologies/2021/DREAMDNPTO#Reorientation,Reorientation,Reorientation,,5
http://www.semanticweb.org/zhenyuzhang/ontologies/2021/DREAMDNPTO#Repositioning,Repositioning,Repositioning,http://www.semanticweb.org/zhenyuzhang/ontologies/2021/DREAMDNPTO#NursingPracticeIntervention,NursingPracticeIntervention,Nursing Practice Intervention,C0556030,4
http://www.semanticweb.org/zhenyuzhang/ontologies/2021/DREAMDNPTO#SittingAndTalkingWithPerson,SittingAndTalkingWithPerson,Sitting and Talking with Person,http://www.semanticweb.org/zhenyuzhang/ontologies/2021/DREAMDNPTO#NursingPracticeIntervention,NursingPracticeIntervention,Nursing Practice Intervention,C0515842,4
http://www.semanticweb.org/zhenyuzhang/ontologies/2021/DREAMDNPTO#SpiritualSupport,SpiritualSupport,Spiritual Support,http://www.semanticweb.org/zhenyuzhang/ontologies/2021/DREAMDNPTO#NursingPracticeIntervention,NursingPracticeIntervention,Nursing Practice Intervention,C0150355,4
http://www.semanticweb.org/zhenyuzhang/ontologies/2021/DREAMDNPTO#TenderLovingCare,TenderLovingCare,Tender Loving Care,http://www.semanticweb.org/zhenyuzhang/ontologies/2021/DREAMDNPTO#NursingPracticeIntervention,NursingPracticeIntervention,Nursing Practice Intervention,C0419204,4
http://www.semanticweb.org/zhenyuzhang/ontologies/2021/DREAMDNPTO#TurningOffTelevision,TurningOffTelevision,Turning off Television,http://www.semanticweb.org/zhenyuzhang/ontologies/2021/DREAMDNPTO#NursingPracticeIntervention,NursingPracticeIntervention,Nursing Practice Intervention,,4
http://www.semanticweb.org/zhenyuzhang/ontologies/2021/DREAMDNPTO#UsingCueCard,UsingCueCard,Using Cue Card,http://www.semanticweb.org/zhenyuzhang/ontologies/2021/DREAMDNPTO#NursingPracticeIntervention,NursingPracticeIntervention,Nursing Practice Intervention,,4
http://www.semanticweb.org/zhenyuzhang/ontologies/2021/DREAMDNPTO#StructuredActivity,StructuredActivity,Structured Activity,http://www.semanticweb.org/zhenyuzhang/ontologies/2021/DREAMDNPTO#PersonWithDementiaFocusedIntervention,PersonWithDementiaFocusedIntervention,Person with Dementia Focused Intervention,,3
http://www.semanticweb.org/zhenyuzhang/ontologies/2021/DREAMDNPTO#ArmchairTravelActivity,ArmchairTravelActivity,Armchair Travel Activity,http://www.semanticweb.org/zhenyuzhang/ontologies/2021/DREAMDNPTO#StructuredActivity,StructuredActivity,Structured Activity,,4
http://www.semanticweb.org/zhenyuzhang/ontologies/2021/DREAMDNPTO#AttendingConcert,AttendingConcert,Attending Concert,http://www.semanticweb.org/zhenyuzhang/ontologies/2021/DREAMDNPTO#StructuredActivity,StructuredActivity,Structured Activity,,4
http://www.semanticweb.org/zhenyuzhang/ontologies/2021/DREAMDNPTO#AttendingVirtualEvent,AttendingVirtualEvent,Attending Virtual Event,http://www.semanticweb.org/zhenyuzhang/ontologies/2021/DREAMDNPTO#StructuredActivity,StructuredActivity,Structured Activity,,4
http://www.semanticweb.org/zhenyuzhang/ontologies/2021/DREAMDNPTO#AttendingVirtualMuseumTour,AttendingVirtualMuseumTour,Attending Virtual Museum Tour,http://www.semanticweb.org/zhenyuzhang/ontologies/2021/DREAMDNPTO#AttendingVirtualEvent,AttendingVirtualEvent,Attending Virtual Event,,5
http://www.semanticweb.org/zhenyuzhang/ontologies/2021/DREAMDNPTO#AttendingVirtualZooTour,AttendingVirtualZooTour,Attending Virtual Zoo Tour,http://www.semanticweb.org/zhenyuzhang/ontologies/2021/DREAMDNPTO#AttendingVirtualEvent,AttendingVirtualEvent,Attending Virtual Event,,5
http://www.semanticweb.org/zhenyuzhang/ontologies/2021/DREAMDNPTO#BalloonGame,BalloonGame,Balloon Game,http://www.semanticweb.org/zhenyuzhang/ontologies/2021/DREAMDNPTO#StructuredActivity,StructuredActivity,Structured Activity,,4
http://www.semanticweb.org/zhenyuzhang/ontologies/2021/DREAMDNPTO#BarbecueActivity,BarbecueActivity,Barbecue Activity,http://www.semanticweb.org/zhenyuzhang/ontologies/2021/DREAMDNPTO#StructuredActivity,StructuredActivity,Structured Activity,,4
http://www.semanticweb.org/zhenyuzhang/ontologies/2021/DREAMDNPTO#BusTrip,BusTrip,Bus Trip,http://www.semanticweb.org/zhenyuzhang/ontologies/2021/DREAMDNPTO#StructuredActivity,StructuredActivity,Structured Activity,,4
http://www.semanticweb.org/zhenyuzhang/ontologies/2021/DREAMDNPTO#CardGame,CardGame,Card Game,http://www.semanticweb.org/zhenyuzhang/ontologies/2021/DREAMDNPTO#StructuredActivity,StructuredActivity,Structured Activity,,4
http://www.semanticweb.org/zhenyuzhang/ontologies/2021/DREAMDNPTO#CasinoActivity,CasinoActivity,Casino Activity,http://www.semanticweb.org/zhenyuzhang/ontologies/2021/DREAMDNPTO#StructuredActivity,StructuredActivity,Structured Activity,,4
http://www.semanticweb.org/zhenyuzhang/ontologies/2021/DREAMDNPTO#CelebrationActivity,CelebrationActivity,Celebration Activity,http://www.semanticweb.org/zhenyuzhang/ontologies/2021/DREAMDNPTO#StructuredActivity,StructuredActivity,Structured Activity,,4
http://www.semanticweb.org/zhenyuzhang/ontologies/2021/DREAMDNPTO#CoffeeClubActivity,CoffeeClubActivity,Coffee Club Activity,http://www.semanticweb.org/zhenyuzhang/ontologies/2021/DREAMDNPTO#StructuredActivity,StructuredActivity,Structured Activity,,4
http://www.semanticweb.org/zhenyuzhang/ontologies/2021/DREAMDNPTO#ColouringPicture,ColouringPicture,Colouring Picture,http://www.semanticweb.org/zhenyuzhang/ontologies/2021/DREAMDNPTO#StructuredActivity,StructuredActivity,Structured Activity,,4
http://www.semanticweb.org/zhenyuzhang/ontologies/2021/DREAMDNPTO#Cooking,Cooking,Cooking,http://www.semanticweb.org/zhenyuzhang/ontologies/2021/DREAMDNPTO#StructuredActivity,StructuredActivity,Structured Activity,C0335326,4
http://www.semanticweb.org/zhenyuzhang/ontologies/2021/DREAMDNPTO#CreativePursuitActivity,CreativePursuitActivity,Creative Pursuit Activity,http://www.semanticweb.org/zhenyuzhang/ontologies/2021/DREAMDNPTO#StructuredActivity,StructuredActivity,Structured Activity,,4
http://www.semanticweb.org/zhenyuzhang/ontologies/2021/DREAMDNPTO#FloorGame,FloorGame,Floor Game,http://www.semanticweb.org/zhenyuzhang/ontologies/2021/DREAMDNPTO#StructuredActivity,StructuredActivity,Structured Activity,,4
http://www.semanticweb.org/zhenyuzhang/ontologies/2021/DREAMDNPTO#FloorGame,FloorGame,"The game that can be played on floors, e.g., floor chess game.",http://www.semanticweb.org/zhenyuzhang/ontologies/2021/DREAMDNPTO#StructuredActivity,StructuredActivity,Structured Activity,,4
http://www.semanticweb.org/zhenyuzhang/ontologies/2021/DREAMDNPTO#FoldingClothes,FoldingClothes,Folding Clothes,http://www.semanticweb.org/zhenyuzhang/ontologies/2021/DREAMDNPTO#StructuredActivity,StructuredActivity,Structured Activity,,4
http://www.semanticweb.org/zhenyuzhang/ontologies/2021/DREAMDNPTO#FoldingTowel,FoldingTowel,Folding Towel,http://www.semanticweb.org/zhenyuzhang/ontologies/2021/DREAMDNPTO#StructuredActivity,StructuredActivity,Structured Activity,,4
http://www.semanticweb.org/zhenyuzhang/ontologies/2021/DREAMDNPTO#FootyTippingActivity,FootyTippingActivity,Footy Tipping Activity,http://www.semanticweb.org/zhenyuzhang/ontologies/2021/DREAMDNPTO#StructuredActivity,StructuredActivity,Structured Activity,,4
http://www.semanticweb.org/zhenyuzhang/ontologies/2021/DREAMDNPTO#Gardening,Gardening,Gardening,http://www.semanticweb.org/zhenyuzhang/ontologies/2021/DREAMDNPTO#StructuredActivity,StructuredActivity,Structured Activity,C0868963,4
http://www.semanticweb.org/zhenyuzhang/ontologies/2021/DREAMDNPTO#GolfPuttingGame,GolfPuttingGame,Golf Putting Game,http://www.semanticweb.org/zhenyuzhang/ontologies/2021/DREAMDNPTO#StructuredActivity,StructuredActivity,Structured Activity,,4
http://www.semanticweb.org/zhenyuzhang/ontologies/2021/DREAMDNPTO#HairAppointment,HairAppointment,Hair Appointment,http://www.semanticweb.org/zhenyuzhang/ontologies/2021/DREAMDNPTO#StructuredActivity,StructuredActivity,Structured Activity,,4
http://www.semanticweb.org/zhenyuzhang/ontologies/2021/DREAMDNPTO#Handicraft,Handicraft,Handicraft,http://www.semanticweb.org/zhenyuzhang/ontologies/2021/DREAMDNPTO#StructuredActivity,StructuredActivity,Structured Activity,,4
http://www.semanticweb.org/zhenyuzhang/ontologies/2021/DREAMDNPTO#HappyHourActivity,HappyHourActivity,Happy Hour Activity,http://www.semanticweb.org/zhenyuzhang/ontologies/2021/DREAMDNPTO#StructuredActivity,StructuredActivity,Structured Activity,,4
http://www.semanticweb.org/zhenyuzhang/ontologies/2021/DREAMDNPTO#KnittingAcitivity,KnittingAcitivity,Knitting Activity,http://www.semanticweb.org/zhenyuzhang/ontologies/2021/DREAMDNPTO#StructuredActivity,StructuredActivity,Structured Activity,C0868977,4
http://www.semanticweb.org/zhenyuzhang/ontologies/2021/DREAMDNPTO#LegoActivity,LegoActivity,Lego Activity,http://www.semanticweb.org/zhenyuzhang/ontologies/2021/DREAMDNPTO#StructuredActivity,StructuredActivity,Structured Activity,,4
http://www.semanticweb.org/zhenyuzhang/ontologies/2021/DREAMDNPTO#ListeningToAudiobook,ListeningToAudiobook,Listening to Audiobook,http://www.semanticweb.org/zhenyuzhang/ontologies/2021/DREAMDNPTO#StructuredActivity,StructuredActivity,Structured Activity,,4
http://www.semanticweb.org/zhenyuzhang/ontologies/2021/DREAMDNPTO#ListeningToRadio,ListeningToRadio,Listening to Radio,http://www.semanticweb.org/zhenyuzhang/ontologies/2021/DREAMDNPTO#StructuredActivity,StructuredActivity,Structured Activity,,4
http://www.semanticweb.org/zhenyuzhang/ontologies/2021/DREAMDNPTO#MatchingSocks,MatchingSocks,Matching Socks,http://www.semanticweb.org/zhenyuzhang/ontologies/2021/DREAMDNPTO#StructuredActivity,StructuredActivity,Structured Activity,,4
http://www.semanticweb.org/zhenyuzhang/ontologies/2021/DREAMDNPTO#MiniMartActivity,MiniMartActivity,Mini Mart Activity,http://www.semanticweb.org/zhenyuzhang/ontologies/2021/DREAMDNPTO#StructuredActivity,StructuredActivity,Structured Activity,,4
http://www.semanticweb.org/zhenyuzhang/ontologies/2021/DREAMDNPTO#PaintingPicture,PaintingPicture,Painting Picture,http://www.semanticweb.org/zhenyuzhang/ontologies/2021/DREAMDNPTO#StructuredActivity,StructuredActivity,Structured Activity,,4
http://www.semanticweb.org/zhenyuzhang/ontologies/2021/DREAMDNPTO#PamperGroupActivity,PamperGroupActivity,Pamper Group Activity,http://www.semanticweb.org/zhenyuzhang/ontologies/2021/DREAMDNPTO#StructuredActivity,StructuredActivity,Structured Activity,,4
http://www.semanticweb.org/zhenyuzhang/ontologies/2021/DREAMDNPTO#PlayingBallGame,PlayingBallGame,Playing Ball Game,http://www.semanticweb.org/zhenyuzhang/ontologies/2021/DREAMDNPTO#StructuredActivity,StructuredActivity,Structured Activity,,4
http://www.semanticweb.org/zhenyuzhang/ontologies/2021/DREAMDNPTO#PlayingBowling,PlayingBowling,Playing Bowling,http://www.semanticweb.org/zhenyuzhang/ontologies/2021/DREAMDNPTO#PlayingBallGame,PlayingBallGame,Playing Ball Game,C0336949,5
http://www.semanticweb.org/zhenyuzhang/ontologies/2021/DREAMDNPTO#PlayingCarpetBowels,PlayingCarpetBowels,Playing Carpet Bowels,http://www.semanticweb.org/zhenyuzhang/ontologies/2021/DREAMDNPTO#PlayingBallGame,PlayingBallGame,Playing Ball Game,,5
http://www.semanticweb.org/zhenyuzhang/ontologies/2021/DREAMDNPTO#PlayingChairVolleyball,PlayingChairVolleyball,Playing Chair Volleyball,http://www.semanticweb.org/zhenyuzhang/ontologies/2021/DREAMDNPTO#PlayingBallGame,PlayingBallGame,Playing Ball Game,,5
http://www.semanticweb.org/zhenyuzhang/ontologies/2021/DREAMDNPTO#PlayingBingoGame,PlayingBingoGame,Playing Bingo Game,http://www.semanticweb.org/zhenyuzhang/ontologies/2021/DREAMDNPTO#StructuredActivity,StructuredActivity,Structured Activity,,4
http://www.semanticweb.org/zhenyuzhang/ontologies/2021/DREAMDNPTO#PlayingBoardGame,PlayingBoardGame,Playing Board Game,http://www.semanticweb.org/zhenyuzhang/ontologies/2021/DREAMDNPTO#StructuredActivity,StructuredActivity,Structured Activity,C2136072,4
http://www.semanticweb.org/zhenyuzhang/ontologies/2021/DREAMDNPTO#PlayingVideoGame,PlayingVideoGame,Playing Video Game,http://www.semanticweb.org/zhenyuzhang/ontologies/2021/DREAMDNPTO#StructuredActivity,StructuredActivity,Structured Activity,,4
http://www.semanticweb.org/zhenyuzhang/ontologies/2021/DREAMDNPTO#PolishingFavouriteObject,PolishingFavouriteObject,Polishing Favourite Object,http://www.semanticweb.org/zhenyuzhang/ontologies/2021/DREAMDNPTO#StructuredActivity,StructuredActivity,Structured Activity,,4
http://www.semanticweb.org/zhenyuzhang/ontologies/2021/DREAMDNPTO#PoppingBubbleWrap,PoppingBubbleWrap,Popping Bubble Wrap,http://www.semanticweb.org/zhenyuzhang/ontologies/2021/DREAMDNPTO#StructuredActivity,StructuredActivity,Structured Activity,,4
http://www.semanticweb.org/zhenyuzhang/ontologies/2021/DREAMDNPTO#ReadingActivity,ReadingActivity,Reading Activity,http://www.semanticweb.org/zhenyuzhang/ontologies/2021/DREAMDNPTO#StructuredActivity,StructuredActivity,Structured Activity,C0034754,4
http://www.semanticweb.org/zhenyuzhang/ontologies/2021/DREAMDNPTO#GetIntoReading,GetIntoReading,Get into Reading,http://www.semanticweb.org/zhenyuzhang/ontologies/2021/DREAMDNPTO#ReadingActivity,ReadingActivity,Reading Activity,,5
http://www.semanticweb.org/zhenyuzhang/ontologies/2021/DREAMDNPTO#ReadingBook,ReadingBook,Reading Book,http://www.semanticweb.org/zhenyuzhang/ontologies/2021/DREAMDNPTO#ReadingActivity,ReadingActivity,Reading Activity,,5
http://www.semanticweb.org/zhenyuzhang/ontologies/2021/DREAMDNPTO#ReadingMagazine,ReadingMagazine,Reading Magazine,http://www.semanticweb.org/zhenyuzhang/ontologies/2021/DREAMDNPTO#ReadingActivity,ReadingActivity,Reading Activity,,5
http://www.semanticweb.org/zhenyuzhang/ontologies/2021/DREAMDNPTO#ReadingNewspaper,ReadingNewspaper,Reading Newspaper,http://www.semanticweb.org/zhenyuzhang/ontologies/2021/DREAMDNPTO#ReadingActivity,ReadingActivity,Reading Activity,,5
http://www.semanticweb.org/zhenyuzhang/ontologies/2021/DREAMDNPTO#SewingActivity,SewingActivity,Sewing Activity,http://www.semanticweb.org/zhenyuzhang/ontologies/2021/DREAMDNPTO#StructuredActivity,StructuredActivity,Structured Activity,C2977585,4
http://www.semanticweb.org/zhenyuzhang/ontologies/2021/DREAMDNPTO#SmellingFlower,SmellingFlower,Smelling Flower,http://www.semanticweb.org/zhenyuzhang/ontologies/2021/DREAMDNPTO#StructuredActivity,StructuredActivity,Structured Activity,,4
http://www.semanticweb.org/zhenyuzhang/ontologies/2021/DREAMDNPTO#SolvingWordSearchPuzzle,SolvingWordSearchPuzzle,Solving Word Search Puzzle,http://www.semanticweb.org/zhenyuzhang/ontologies/2021/DREAMDNPTO#StructuredActivity,StructuredActivity,Structured Activity,,4
http://www.semanticweb.org/zhenyuzhang/ontologies/2021/DREAMDNPTO#SortingButton,SortingButton,Sorting Button,http://www.semanticweb.org/zhenyuzhang/ontologies/2021/DREAMDNPTO#StructuredActivity,StructuredActivity,Structured Activity,,4
http://www.semanticweb.org/zhenyuzhang/ontologies/2021/DREAMDNPTO#SortingCoin,SortingCoin,Sorting Coin,http://www.semanticweb.org/zhenyuzhang/ontologies/2021/DREAMDNPTO#StructuredActivity,StructuredActivity,Structured Activity,,4
http://www.semanticweb.org/zhenyuzhang/ontologies/2021/DREAMDNPTO#Storytelling,Storytelling,Storytelling,http://www.semanticweb.org/zhenyuzhang/ontologies/2021/DREAMDNPTO#StructuredActivity,StructuredActivity,Structured Activity,,4
http://www.semanticweb.org/zhenyuzhang/ontologies/2021/DREAMDNPTO#TastingSweetFood,TastingSweetFood,Tasting Sweet Food,http://www.semanticweb.org/zhenyuzhang/ontologies/2021/DREAMDNPTO#StructuredActivity,StructuredActivity,Structured Activity,,4
http://www.semanticweb.org/zhenyuzhang/ontologies/2021/DREAMDNPTO#WatchingMovie,WatchingMovie,Watching Moive,http://www.semanticweb.org/zhenyuzhang/ontologies/2021/DREAMDNPTO#StructuredActivity,StructuredActivity,Structured Activity,,4
http://www.semanticweb.org/zhenyuzhang/ontologies/2021/DREAMDNPTO#WatchingTelevision,WatchingTelevision,Watching Television,http://www.semanticweb.org/zhenyuzhang/ontologies/2021/DREAMDNPTO#StructuredActivity,StructuredActivity,Structured Activity,,4
http://www.semanticweb.org/zhenyuzhang/ontologies/2021/DREAMDNPTO#WoodworkingActivity,WoodworkingActivity,Woodworking Activity,http://www.semanticweb.org/zhenyuzhang/ontologies/2021/DREAMDNPTO#StructuredActivity,StructuredActivity,Structured Activity,,4
http://www.semanticweb.org/zhenyuzhang/ontologies/2021/DREAMDNPTO#TherapyForEmotionalAndMoodDisturbanceInDementia,TherapyForEmotionalAndMoodDisturbanceInDementia,Therapy for Emotional and Mood Disturbance in Dementia,http://www.semanticweb.org/zhenyuzhang/ontologies/2021/DREAMDNPTO#PersonWithDementiaFocusedIntervention,PersonWithDementiaFocusedIntervention,Person with Dementia Focused Intervention,,3
http://www.semanticweb.org/zhenyuzhang/ontologies/2021/DREAMDNPTO#AnimalAssistedTherapy,AnimalAssistedTherapy,Animal Assisted Therapy,http://www.semanticweb.org/zhenyuzhang/ontologies/2021/DREAMDNPTO#TherapyForEmotionalAndMoodDisturbanceInDementia,TherapyForEmotionalAndMoodDisturbanceInDementia,Therapy for Emotional and Mood Disturbance in Dementia,C0150133,4
http://www.semanticweb.org/zhenyuzhang/ontologies/2021/DREAMDNPTO#PetTherapy,PetTherapy,Pet Therapy,http://www.semanticweb.org/zhenyuzhang/ontologies/2021/DREAMDNPTO#AnimalAssistedTherapy,AnimalAssistedTherapy,Animal Assisted Therapy,C2607895,5
http://www.semanticweb.org/zhenyuzhang/ontologies/2021/DREAMDNPTO#RoboticAnimalAssistedTherapy,RoboticAnimalAssistedTherapy,Robotic Animal-Assisted Therapy,http://www.semanticweb.org/zhenyuzhang/ontologies/2021/DREAMDNPTO#AnimalAssistedTherapy,AnimalAssistedTherapy,Animal Assisted Therapy,,5
http://www.semanticweb.org/zhenyuzhang/ontologies/2021/DREAMDNPTO#ToyAnimalAssistedTherapy,ToyAnimalAssistedTherapy,Toy Animal-Assisted Therapy,http://www.semanticweb.org/zhenyuzhang/ontologies/2021/DREAMDNPTO#AnimalAssistedTherapy,AnimalAssistedTherapy,Animal Assisted Therapy,,5
http://www.semanticweb.org/zhenyuzhang/ontologies/2021/DREAMDNPTO#ArtTherapy,ArtTherapy,Art Therapy,http://www.semanticweb.org/zhenyuzhang/ontologies/2021/DREAMDNPTO#TherapyForEmotionalAndMoodDisturbanceInDementia,TherapyForEmotionalAndMoodDisturbanceInDementia,Therapy for Emotional and Mood Disturbance in Dementia,C0003827,4
http://www.semanticweb.org/zhenyuzhang/ontologies/2021/DREAMDNPTO#BiographicallyOrientatedMobilisation,BiographicallyOrientatedMobilisation,Biographically Orientated Mobilisation,http://www.semanticweb.org/zhenyuzhang/ontologies/2021/DREAMDNPTO#TherapyForEmotionalAndMoodDisturbanceInDementia,TherapyForEmotionalAndMoodDisturbanceInDementia,Therapy for Emotional and Mood Disturbance in Dementia,,4
http://www.semanticweb.org/zhenyuzhang/ontologies/2021/DREAMDNPTO#BuddySystemIntervention,BuddySystemIntervention,Buddy System Intervention,http://www.semanticweb.org/zhenyuzhang/ontologies/2021/DREAMDNPTO#TherapyForEmotionalAndMoodDisturbanceInDementia,TherapyForEmotionalAndMoodDisturbanceInDementia,Therapy for Emotional and Mood Disturbance in Dementia,,4
http://www.semanticweb.org/zhenyuzhang/ontologies/2021/DREAMDNPTO#DanceTherapy,DanceTherapy,Dance Therapy,http://www.semanticweb.org/zhenyuzhang/ontologies/2021/DREAMDNPTO#TherapyForEmotionalAndMoodDisturbanceInDementia,TherapyForEmotionalAndMoodDisturbanceInDementia,Therapy for Emotional and Mood Disturbance in Dementia,C0010962,4
http://www.semanticweb.org/zhenyuzhang/ontologies/2021/DREAMDNPTO#DiversionalTherapy,DiversionalTherapy,Diverstional Therapy,http://www.semanticweb.org/zhenyuzhang/ontologies/2021/DREAMDNPTO#TherapyForEmotionalAndMoodDisturbanceInDementia,TherapyForEmotionalAndMoodDisturbanceInDementia,Therapy for Emotional and Mood Disturbance in Dementia,C0204581,4
http://www.semanticweb.org/zhenyuzhang/ontologies/2021/DREAMDNPTO#DollTherapy,DollTherapy,Doll Therapy,http://www.semanticweb.org/zhenyuzhang/ontologies/2021/DREAMDNPTO#TherapyForEmotionalAndMoodDisturbanceInDementia,TherapyForEmotionalAndMoodDisturbanceInDementia,Therapy for Emotional and Mood Disturbance in Dementia,,4
http://www.semanticweb.org/zhenyuzhang/ontologies/2021/DREAMDNPTO#Ergotherapy,Ergotherapy,Ergotherapy,http://www.semanticweb.org/zhenyuzhang/ontologies/2021/DREAMDNPTO#TherapyForEmotionalAndMoodDisturbanceInDementia,TherapyForEmotionalAndMoodDisturbanceInDementia,Therapy for Emotional and Mood Disturbance in Dementia,,4
http://www.semanticweb.org/zhenyuzhang/ontologies/2021/DREAMDNPTO#Homeopathy,Homeopathy,Homeopathy,http://www.semanticweb.org/zhenyuzhang/ontologies/2021/DREAMDNPTO#TherapyForEmotionalAndMoodDisturbanceInDementia,TherapyForEmotionalAndMoodDisturbanceInDementia,Therapy for Emotional and Mood Disturbance in Dementia,C0684199,4
http://www.semanticweb.org/zhenyuzhang/ontologies/2021/DREAMDNPTO#HorticulturalTherapy,HorticulturalTherapy,Horticultural Therapy,http://www.semanticweb.org/zhenyuzhang/ontologies/2021/DREAMDNPTO#TherapyForEmotionalAndMoodDisturbanceInDementia,TherapyForEmotionalAndMoodDisturbanceInDementia,Therapy for Emotional and Mood Disturbance in Dementia,C0454057,4
http://www.semanticweb.org/zhenyuzhang/ontologies/2021/DREAMDNPTO#JapaneseGardenIntervention,JapaneseGardenIntervention,Japanese Garden Intervention,http://www.semanticweb.org/zhenyuzhang/ontologies/2021/DREAMDNPTO#HorticulturalTherapy,HorticulturalTherapy,Horticultural Therapy,,5
http://www.semanticweb.org/zhenyuzhang/ontologies/2021/DREAMDNPTO#HumorTherapy,HumorTherapy,Humor Therapy,http://www.semanticweb.org/zhenyuzhang/ontologies/2021/DREAMDNPTO#TherapyForEmotionalAndMoodDisturbanceInDementia,TherapyForEmotionalAndMoodDisturbanceInDementia,Therapy for Emotional and Mood Disturbance in Dementia,C0597811,4
http://www.semanticweb.org/zhenyuzhang/ontologies/2021/DREAMDNPTO#IntergenerationalCare,IntergenerationalCare,Intergenerational Care,http://www.semanticweb.org/zhenyuzhang/ontologies/2021/DREAMDNPTO#TherapyForEmotionalAndMoodDisturbanceInDementia,TherapyForEmotionalAndMoodDisturbanceInDementia,Therapy for Emotional and Mood Disturbance in Dementia,,4
http://www.semanticweb.org/zhenyuzhang/ontologies/2021/DREAMDNPTO#MemoryTraining,MemoryTraining,Memory Training,http://www.semanticweb.org/zhenyuzhang/ontologies/2021/DREAMDNPTO#TherapyForEmotionalAndMoodDisturbanceInDementia,TherapyForEmotionalAndMoodDisturbanceInDementia,Therapy for Emotional and Mood Disturbance in Dementia,C0729377,4
http://www.semanticweb.org/zhenyuzhang/ontologies/2021/DREAMDNPTO#MindBodyTherapy,MindBodyTherapy,Mind-Body Therapy,http://www.semanticweb.org/zhenyuzhang/ontologies/2021/DREAMDNPTO#TherapyForEmotionalAndMoodDisturbanceInDementia,TherapyForEmotionalAndMoodDisturbanceInDementia,Therapy for Emotional and Mood Disturbance in Dementia,C0260173,4
http://www.semanticweb.org/zhenyuzhang/ontologies/2021/DREAMDNPTO#BreathingExercise,BreathingExercise,Breathing Exercise,http://www.semanticweb.org/zhenyuzhang/ontologies/2021/DREAMDNPTO#MindBodyTherapy,MindBodyTherapy,Mind-Body Therapy,C0006155,5
http://www.semanticweb.org/zhenyuzhang/ontologies/2021/DREAMDNPTO#DeepBreathingExercise,DeepBreathingExercise,Deep Breathing Exercise,http://www.semanticweb.org/zhenyuzhang/ontologies/2021/DREAMDNPTO#BreathingExercise,BreathingExercise,Breathing Exercise,C0454496,6
http://www.semanticweb.org/zhenyuzhang/ontologies/2021/DREAMDNPTO#RelaxationTherapy,RelaxationTherapy,Relaxation Therapy,http://www.semanticweb.org/zhenyuzhang/ontologies/2021/DREAMDNPTO#MindBodyTherapy,MindBodyTherapy,Mind-Body Therapy,C0282333,5
http://www.semanticweb.org/zhenyuzhang/ontologies/2021/DREAMDNPTO#TaiChi,TaiChi,Tai Chi,http://www.semanticweb.org/zhenyuzhang/ontologies/2021/DREAMDNPTO#MindBodyTherapy,MindBodyTherapy,Mind-Body Therapy,C0376403,5
http://www.semanticweb.org/zhenyuzhang/ontologies/2021/DREAMDNPTO#Yoga,Yoga,Yoga,http://www.semanticweb.org/zhenyuzhang/ontologies/2021/DREAMDNPTO#MindBodyTherapy,MindBodyTherapy,Mind-Body Therapy,C1883583,5
http://www.semanticweb.org/zhenyuzhang/ontologies/2021/DREAMDNPTO#MontessoriIntervention,MontessoriIntervention,Montessori Intervention,http://www.semanticweb.org/zhenyuzhang/ontologies/2021/DREAMDNPTO#TherapyForEmotionalAndMoodDisturbanceInDementia,TherapyForEmotionalAndMoodDisturbanceInDementia,Therapy for Emotional and Mood Disturbance in Dementia,,4
http://www.semanticweb.org/zhenyuzhang/ontologies/2021/DREAMDNPTO#MusicTherapeuticCaregiving,MusicTherapeuticCaregiving,Music Therapeutic Caregiving,http://www.semanticweb.org/zhenyuzhang/ontologies/2021/DREAMDNPTO#TherapyForEmotionalAndMoodDisturbanceInDementia,TherapyForEmotionalAndMoodDisturbanceInDementia,Therapy for Emotional and Mood Disturbance in Dementia,,4
http://www.semanticweb.org/zhenyuzhang/ontologies/2021/DREAMDNPTO#OccupationalTherapy,OccupationalTherapy,Occupational Therapy,http://www.semanticweb.org/zhenyuzhang/ontologies/2021/DREAMDNPTO#TherapyForEmotionalAndMoodDisturbanceInDementia,TherapyForEmotionalAndMoodDisturbanceInDementia,Therapy for Emotional and Mood Disturbance in Dementia,C1318464,4
http://www.semanticweb.org/zhenyuzhang/ontologies/2021/DREAMDNPTO#PRIDEBathingApproach,PRIDEBathingApproach,PRIDE Bathing Approach,http://www.semanticweb.org/zhenyuzhang/ontologies/2021/DREAMDNPTO#TherapyForEmotionalAndMoodDisturbanceInDementia,TherapyForEmotionalAndMoodDisturbanceInDementia,Therapy for Emotional and Mood Disturbance in Dementia,,4
http://www.semanticweb.org/zhenyuzhang/ontologies/2021/DREAMDNPTO#PastoralCare,PastoralCare,Pastoral Care,http://www.semanticweb.org/zhenyuzhang/ontologies/2021/DREAMDNPTO#TherapyForEmotionalAndMoodDisturbanceInDementia,TherapyForEmotionalAndMoodDisturbanceInDementia,Therapy for Emotional and Mood Disturbance in Dementia,C0030643,4
http://www.semanticweb.org/zhenyuzhang/ontologies/2021/DREAMDNPTO#BibleReading,BibleReading,Bible Reading,http://www.semanticweb.org/zhenyuzhang/ontologies/2021/DREAMDNPTO#PastoralCare,PastoralCare,Pastoral Care,,5
http://www.semanticweb.org/zhenyuzhang/ontologies/2021/DREAMDNPTO#ChurchServiceActivity,ChurchServiceActivity,Church Service Activity,http://www.semanticweb.org/zhenyuzhang/ontologies/2021/DREAMDNPTO#PastoralCare,PastoralCare,Pastoral Care,,5
http://www.semanticweb.org/zhenyuzhang/ontologies/2021/DREAMDNPTO#PhysicalExerciseTherapy,PhysicalExerciseTherapy,Physical Exercise Therapy,http://www.semanticweb.org/zhenyuzhang/ontologies/2021/DREAMDNPTO#TherapyForEmotionalAndMoodDisturbanceInDementia,TherapyForEmotionalAndMoodDisturbanceInDementia,Therapy for Emotional and Mood Disturbance in Dementia,C0452240,4
http://www.semanticweb.org/zhenyuzhang/ontologies/2021/DREAMDNPTO#AerobicExercise,AerobicExercise,Aerobic Exercise,http://www.semanticweb.org/zhenyuzhang/ontologies/2021/DREAMDNPTO#PhysicalExerciseTherapy,PhysicalExerciseTherapy,Physical Exercise Therapy,C0001701,5
http://www.semanticweb.org/zhenyuzhang/ontologies/2021/DREAMDNPTO#AquaticExercise,AquaticExercise,Aquatic Exercise,http://www.semanticweb.org/zhenyuzhang/ontologies/2021/DREAMDNPTO#PhysicalExerciseTherapy,PhysicalExerciseTherapy,Physical Exercise Therapy,C5544388,5
http://www.semanticweb.org/zhenyuzhang/ontologies/2021/DREAMDNPTO#BalanceExercise,BalanceExercise,Balance Exercise,http://www.semanticweb.org/zhenyuzhang/ontologies/2021/DREAMDNPTO#PhysicalExerciseTherapy,PhysicalExerciseTherapy,Physical Exercise Therapy,C0150219,5
http://www.semanticweb.org/zhenyuzhang/ontologies/2021/DREAMDNPTO#FlexibilityExercise,FlexibilityExercise,Flexibility Exercise,http://www.semanticweb.org/zhenyuzhang/ontologies/2021/DREAMDNPTO#PhysicalExerciseTherapy,PhysicalExerciseTherapy,Physical Exercise Therapy,C2945658,5
http://www.semanticweb.org/zhenyuzhang/ontologies/2021/DREAMDNPTO#StrengthExercise,StrengthExercise,Strength Exercise,http://www.semanticweb.org/zhenyuzhang/ontologies/2021/DREAMDNPTO#PhysicalExerciseTherapy,PhysicalExerciseTherapy,Physical Exercise Therapy,C0419118,5
http://www.semanticweb.org/zhenyuzhang/ontologies/2021/DREAMDNPTO#StretchingExercise,StretchingExercise,Stretching Exercise,http://www.semanticweb.org/zhenyuzhang/ontologies/2021/DREAMDNPTO#PhysicalExerciseTherapy,PhysicalExerciseTherapy,Physical Exercise Therapy,C0600080,5
http://www.semanticweb.org/zhenyuzhang/ontologies/2021/DREAMDNPTO#Swimming,Swimming,Swimming,http://www.semanticweb.org/zhenyuzhang/ontologies/2021/DREAMDNPTO#PhysicalExerciseTherapy,PhysicalExerciseTherapy,Physical Exercise Therapy,C0039003,5
http://www.semanticweb.org/zhenyuzhang/ontologies/2021/DREAMDNPTO#Walking,Walking,Walking,http://www.semanticweb.org/zhenyuzhang/ontologies/2021/DREAMDNPTO#PhysicalExerciseTherapy,PhysicalExerciseTherapy,Physical Exercise Therapy,C0080331,5
http://www.semanticweb.org/zhenyuzhang/ontologies/2021/DREAMDNPTO#Physiotherapy,Physiotherapy,Physiotherapy,http://www.semanticweb.org/zhenyuzhang/ontologies/2021/DREAMDNPTO#TherapyForEmotionalAndMoodDisturbanceInDementia,TherapyForEmotionalAndMoodDisturbanceInDementia,Therapy for Emotional and Mood Disturbance in Dementia,C0949766,4
http://www.semanticweb.org/zhenyuzhang/ontologies/2021/DREAMDNPTO#PoetryTherapy,PoetryTherapy,Poetry Therapy,http://www.semanticweb.org/zhenyuzhang/ontologies/2021/DREAMDNPTO#TherapyForEmotionalAndMoodDisturbanceInDementia,TherapyForEmotionalAndMoodDisturbanceInDementia,Therapy for Emotional and Mood Disturbance in Dementia,C0871088,4
http://www.semanticweb.org/zhenyuzhang/ontologies/2021/DREAMDNPTO#Psychoeducation,Psychoeducation,Psychoeducation,http://www.semanticweb.org/zhenyuzhang/ontologies/2021/DREAMDNPTO#TherapyForEmotionalAndMoodDisturbanceInDementia,TherapyForEmotionalAndMoodDisturbanceInDementia,Therapy for Emotional and Mood Disturbance in Dementia,C0871175,4
http://www.semanticweb.org/zhenyuzhang/ontologies/2021/DREAMDNPTO#Psychotherapy,Psychotherapy,Psychotherapy,http://www.semanticweb.org/zhenyuzhang/ontologies/2021/DREAMDNPTO#TherapyForEmotionalAndMoodDisturbanceInDementia,TherapyForEmotionalAndMoodDisturbanceInDementia,Therapy for Emotional and Mood Disturbance in Dementia,C0033968,4
http://www.semanticweb.org/zhenyuzhang/ontologies/2021/DREAMDNPTO#BehaviourTherapy,BehaviourTherapy,Behaviour Therapy,http://www.semanticweb.org/zhenyuzhang/ontologies/2021/DREAMDNPTO#Psychotherapy,Psychotherapy,Psychotherapy,C0004933,5
http://www.semanticweb.org/zhenyuzhang/ontologies/2021/DREAMDNPTO#CognitiveBehaviouralTherapy,CognitiveBehaviouralTherapy,Cognitive Behavioural Therapy,http://www.semanticweb.org/zhenyuzhang/ontologies/2021/DREAMDNPTO#Psychotherapy,Psychotherapy,Psychotherapy,,5
http://www.semanticweb.org/zhenyuzhang/ontologies/2021/DREAMDNPTO#ComputerisedCognitiveBehaviourTherapy,ComputerisedCognitiveBehaviourTherapy,Computerised Cognitive Behavioural Therapy,http://www.semanticweb.org/zhenyuzhang/ontologies/2021/DREAMDNPTO#CognitiveBehaviouralTherapy,CognitiveBehaviouralTherapy,Cognitive Behavioural Therapy,,6
http://www.semanticweb.org/zhenyuzhang/ontologies/2021/DREAMDNPTO#CognitiveTherapy,CognitiveTherapy,Cognitive Therapy,http://www.semanticweb.org/zhenyuzhang/ontologies/2021/DREAMDNPTO#Psychotherapy,Psychotherapy,Psychotherapy,C0009244,5
http://www.semanticweb.org/zhenyuzhang/ontologies/2021/DREAMDNPTO#CognitiveRehabilitation,CognitiveRehabilitation,Cognitive Rehabilitation,http://www.semanticweb.org/zhenyuzhang/ontologies/2021/DREAMDNPTO#CognitiveTherapy,CognitiveTherapy,Cognitive Therapy,C0870303,6
http://www.semanticweb.org/zhenyuzhang/ontologies/2021/DREAMDNPTO#CognitiveStimulationTherapy,CognitiveStimulationTherapy,Cognitive Stimulation Therapy,http://www.semanticweb.org/zhenyuzhang/ontologies/2021/DREAMDNPTO#CognitiveTherapy,CognitiveTherapy,Cognitive Therapy,,6
http://www.semanticweb.org/zhenyuzhang/ontologies/2021/DREAMDNPTO#CognitiveTraining,CognitiveTraining,Cognitive Training,http://www.semanticweb.org/zhenyuzhang/ontologies/2021/DREAMDNPTO#CognitiveTherapy,CognitiveTherapy,Cognitive Therapy,C1868940,6
http://www.semanticweb.org/zhenyuzhang/ontologies/2021/DREAMDNPTO#InterpersonalPsychotherapy,InterpersonalPsychotherapy,Interpersonal Psychotherapy,http://www.semanticweb.org/zhenyuzhang/ontologies/2021/DREAMDNPTO#Psychotherapy,Psychotherapy,Psychotherapy,C0871787,5
http://www.semanticweb.org/zhenyuzhang/ontologies/2021/DREAMDNPTO#ProblemSolvingTherapy,ProblemSolvingTherapy,Problem Solving Therapy,http://www.semanticweb.org/zhenyuzhang/ontologies/2021/DREAMDNPTO#Psychotherapy,Psychotherapy,Psychotherapy,C1303140,5
http://www.semanticweb.org/zhenyuzhang/ontologies/2021/DREAMDNPTO#RealityOrientationTherapy,RealityOrientationTherapy,Reality Orientation Therapy,http://www.semanticweb.org/zhenyuzhang/ontologies/2021/DREAMDNPTO#Psychotherapy,Psychotherapy,Psychotherapy,C3650753,5
http://www.semanticweb.org/zhenyuzhang/ontologies/2021/DREAMDNPTO#RecreationalTherapy,RecreationalTherapy,Recreational Therapy,http://www.semanticweb.org/zhenyuzhang/ontologies/2021/DREAMDNPTO#TherapyForEmotionalAndMoodDisturbanceInDementia,TherapyForEmotionalAndMoodDisturbanceInDementia,Therapy for Emotional and Mood Disturbance in Dementia,C0034873,4
http://www.semanticweb.org/zhenyuzhang/ontologies/2021/DREAMDNPTO#ReminiscenceTherapy,ReminiscenceTherapy,Reminiscence Therapy,http://www.semanticweb.org/zhenyuzhang/ontologies/2021/DREAMDNPTO#TherapyForEmotionalAndMoodDisturbanceInDementia,TherapyForEmotionalAndMoodDisturbanceInDementia,Therapy for Emotional and Mood Disturbance in Dementia,C0150321,4
http://www.semanticweb.org/zhenyuzhang/ontologies/2021/DREAMDNPTO#ScheduledReassuranceTherapy,ScheduledReassuranceTherapy,Scheduled Reassurance Therapy,http://www.semanticweb.org/zhenyuzhang/ontologies/2021/DREAMDNPTO#TherapyForEmotionalAndMoodDisturbanceInDementia,TherapyForEmotionalAndMoodDisturbanceInDementia,Therapy for Emotional and Mood Disturbance in Dementia,,4
http://www.semanticweb.org/zhenyuzhang/ontologies/2021/DREAMDNPTO#SelfMaintenanceTherapy,SelfMaintenanceTherapy,Self-Maintenance Therapy,http://www.semanticweb.org/zhenyuzhang/ontologies/2021/DREAMDNPTO#TherapyForEmotionalAndMoodDisturbanceInDementia,TherapyForEmotionalAndMoodDisturbanceInDementia,Therapy for Emotional and Mood Disturbance in Dementia,,4
http://www.semanticweb.org/zhenyuzhang/ontologies/2021/DREAMDNPTO#SensoryStimulationTherapy,SensoryStimulationTherapy,Sensory Stimulation Therapy,http://www.semanticweb.org/zhenyuzhang/ontologies/2021/DREAMDNPTO#TherapyForEmotionalAndMoodDisturbanceInDementia,TherapyForEmotionalAndMoodDisturbanceInDementia,Therapy for Emotional and Mood Disturbance in Dementia,C5141264,4
http://www.semanticweb.org/zhenyuzhang/ontologies/2021/DREAMDNPTO#Aromatherapy,Aromatherapy,Aromatherapy,http://www.semanticweb.org/zhenyuzhang/ontologies/2021/DREAMDNPTO#SensoryStimulationTherapy,SensoryStimulationTherapy,Sensory Stimulation Therapy,C0376547,5
http://www.semanticweb.org/zhenyuzhang/ontologies/2021/DREAMDNPTO#LightTherapy,LightTherapy,Light Therapy,http://www.semanticweb.org/zhenyuzhang/ontologies/2021/DREAMDNPTO#SensoryStimulationTherapy,SensoryStimulationTherapy,Sensory Stimulation Therapy,C0031765,5
http://www.semanticweb.org/zhenyuzhang/ontologies/2021/DREAMDNPTO#BrightWhiteLightTherapy,BrightWhiteLightTherapy,Bright White Light Therapy,http://www.semanticweb.org/zhenyuzhang/ontologies/2021/DREAMDNPTO#LightTherapy,LightTherapy,Light Therapy,C5400760,6
http://www.semanticweb.org/zhenyuzhang/ontologies/2021/DREAMDNPTO#SunlightTherapy,SunlightTherapy,Sunlight Therapy,http://www.semanticweb.org/zhenyuzhang/ontologies/2021/DREAMDNPTO#LightTherapy,LightTherapy,Light Therapy,,6
http://www.semanticweb.org/zhenyuzhang/ontologies/2021/DREAMDNPTO#MassageTherapy,MassageTherapy,Massage Therapy,http://www.semanticweb.org/zhenyuzhang/ontologies/2021/DREAMDNPTO#SensoryStimulationTherapy,SensoryStimulationTherapy,Sensory Stimulation Therapy,C3536731,5
http://www.semanticweb.org/zhenyuzhang/ontologies/2021/DREAMDNPTO#Acupressure,Acupressure,Acupressure,http://www.semanticweb.org/zhenyuzhang/ontologies/2021/DREAMDNPTO#MassageTherapy,MassageTherapy,Massage Therapy,C0282614,6
http://www.semanticweb.org/zhenyuzhang/ontologies/2021/DREAMDNPTO#Reflexology,Reflexology,Reflexology,http://www.semanticweb.org/zhenyuzhang/ontologies/2021/DREAMDNPTO#MassageTherapy,MassageTherapy,Massage Therapy,C0034945,6
http://www.semanticweb.org/zhenyuzhang/ontologies/2021/DREAMDNPTO#MultisensoryStimulation,MultisensoryStimulation,Multisensory Stimulation,http://www.semanticweb.org/zhenyuzhang/ontologies/2021/DREAMDNPTO#SensoryStimulationTherapy,SensoryStimulationTherapy,Sensory Stimulation Therapy,C4480123,5
http://www.semanticweb.org/zhenyuzhang/ontologies/2021/DREAMDNPTO#SnoezolenMultisensoryStimulationTherapy,SnoezolenMultisensoryStimulationTherapy,Snoezelen Multisensory Stimulation Therapy,http://www.semanticweb.org/zhenyuzhang/ontologies/2021/DREAMDNPTO#MultisensoryStimulation,MultisensoryStimulation,Multisensory Stimulation,,6
http://www.semanticweb.org/zhenyuzhang/ontologies/2021/DREAMDNPTO#SonasIntervention,SonasIntervention,Sonas Intervention,http://www.semanticweb.org/zhenyuzhang/ontologies/2021/DREAMDNPTO#MultisensoryStimulation,MultisensoryStimulation,Multisensory Stimulation,,6
http://www.semanticweb.org/zhenyuzhang/ontologies/2021/DREAMDNPTO#MusicTherapy,MusicTherapy,Music Therapy,http://www.semanticweb.org/zhenyuzhang/ontologies/2021/DREAMDNPTO#SensoryStimulationTherapy,SensoryStimulationTherapy,Sensory Stimulation Therapy,C0026868,5
http://www.semanticweb.org/zhenyuzhang/ontologies/2021/DREAMDNPTO#ActiveMusicTherapy,ActiveMusicTherapy,Active Music Therapy,http://www.semanticweb.org/zhenyuzhang/ontologies/2021/DREAMDNPTO#MusicTherapy,MusicTherapy,Music Therapy,,6
http://www.semanticweb.org/zhenyuzhang/ontologies/2021/DREAMDNPTO#ParticipatingActiveMusicTherapyByMovingBody,ParticipatingActiveMusicTherapyByMovingBody,Participating Active Music Therapy by Moving Body,http://www.semanticweb.org/zhenyuzhang/ontologies/2021/DREAMDNPTO#ActiveMusicTherapy,ActiveMusicTherapy,Active Music Therapy,,7
http://www.semanticweb.org/zhenyuzhang/ontologies/2021/DREAMDNPTO#ParticipatingActiveMusicTherapyByPlayingMusicalInstrument,ParticipatingActiveMusicTherapyByPlayingMusicalInstrument,Participating Active Music Therapy by Playing Musical Instrument,http://www.semanticweb.org/zhenyuzhang/ontologies/2021/DREAMDNPTO#ActiveMusicTherapy,ActiveMusicTherapy,Active Music Therapy,,7
http://www.semanticweb.org/zhenyuzhang/ontologies/2021/DREAMDNPTO#ParticipatingActiveMusicTherapyBySinging,ParticipatingActiveMusicTherapyBySinging,Participating Active Music Therapy by Singing,http://www.semanticweb.org/zhenyuzhang/ontologies/2021/DREAMDNPTO#ActiveMusicTherapy,ActiveMusicTherapy,Active Music Therapy,,7
http://www.semanticweb.org/zhenyuzhang/ontologies/2021/DREAMDNPTO#ParticipatingActiveMusicTherapyByWritingSong,ParticipatingActiveMusicTherapyByWritingSong,Participating Active Music Therapy by Writing Song,http://www.semanticweb.org/zhenyuzhang/ontologies/2021/DREAMDNPTO#ActiveMusicTherapy,ActiveMusicTherapy,Active Music Therapy,,7
http://www.semanticweb.org/zhenyuzhang/ontologies/2021/DREAMDNPTO#PassiveMusicTherapy,PassiveMusicTherapy,Passive Music Therapy,http://www.semanticweb.org/zhenyuzhang/ontologies/2021/DREAMDNPTO#MusicTherapy,MusicTherapy,Music Therapy,,6
http://www.semanticweb.org/zhenyuzhang/ontologies/2021/DREAMDNPTO#ListeningToClassicalMusic,ListeningToClassicalMusic,Listening to Classical Music,http://www.semanticweb.org/zhenyuzhang/ontologies/2021/DREAMDNPTO#PassiveMusicTherapy,PassiveMusicTherapy,Passive Music Therapy,,7
http://www.semanticweb.org/zhenyuzhang/ontologies/2021/DREAMDNPTO#ListeningToFamiliarMusic,ListeningToFamiliarMusic,Listening to Familiar Music,http://www.semanticweb.org/zhenyuzhang/ontologies/2021/DREAMDNPTO#PassiveMusicTherapy,PassiveMusicTherapy,Passive Music Therapy,,7
http://www.semanticweb.org/zhenyuzhang/ontologies/2021/DREAMDNPTO#ListeningToPreferredMusic,ListeningToPreferredMusic,Listening to Preferred Music,http://www.semanticweb.org/zhenyuzhang/ontologies/2021/DREAMDNPTO#PassiveMusicTherapy,PassiveMusicTherapy,Passive Music Therapy,,7
http://www.semanticweb.org/zhenyuzhang/ontologies/2021/DREAMDNPTO#ListeningToRelaxingMusic,ListeningToRelaxingMusic,Listening to Relaxing Music,http://www.semanticweb.org/zhenyuzhang/ontologies/2021/DREAMDNPTO#PassiveMusicTherapy,PassiveMusicTherapy,Passive Music Therapy,,7
http://www.semanticweb.org/zhenyuzhang/ontologies/2021/DREAMDNPTO#TouchTherapy,TouchTherapy,Touch Therapy,http://www.semanticweb.org/zhenyuzhang/ontologies/2021/DREAMDNPTO#SensoryStimulationTherapy,SensoryStimulationTherapy,Sensory Stimulation Therapy,C5141260,5
http://www.semanticweb.org/zhenyuzhang/ontologies/2021/DREAMDNPTO#UsingWorryBeads,UsingWorryBeads,Using Worry Beads,http://www.semanticweb.org/zhenyuzhang/ontologies/2021/DREAMDNPTO#SensoryStimulationTherapy,SensoryStimulationTherapy,Sensory Stimulation Therapy,,5
http://www.semanticweb.org/zhenyuzhang/ontologies/2021/DREAMDNPTO#VirtualRealityTherapy,VirtualRealityTherapy,Virtual Reality Therapy,http://www.semanticweb.org/zhenyuzhang/ontologies/2021/DREAMDNPTO#SensoryStimulationTherapy,SensoryStimulationTherapy,Sensory Stimulation Therapy,C3494470,5
http://www.semanticweb.org/zhenyuzhang/ontologies/2021/DREAMDNPTO#SocialInteractionIntervention,SocialInteractionIntervention,Social Interaction Intervention,http://www.semanticweb.org/zhenyuzhang/ontologies/2021/DREAMDNPTO#TherapyForEmotionalAndMoodDisturbanceInDementia,TherapyForEmotionalAndMoodDisturbanceInDementia,Therapy for Emotional and Mood Disturbance in Dementia,,4
http://www.semanticweb.org/zhenyuzhang/ontologies/2021/DREAMDNPTO#Counselling,Counselling,Counselling,http://www.semanticweb.org/zhenyuzhang/ontologies/2021/DREAMDNPTO#SocialInteractionIntervention,SocialInteractionIntervention,Social Interaction Intervention,C0010210,5
http://www.semanticweb.org/zhenyuzhang/ontologies/2021/DREAMDNPTO#FamilyMemberVisit,FamilyMemberVisit,Family Member Visit,http://www.semanticweb.org/zhenyuzhang/ontologies/2021/DREAMDNPTO#SocialInteractionIntervention,SocialInteractionIntervention,Social Interaction Intervention,,5
http://www.semanticweb.org/zhenyuzhang/ontologies/2021/DREAMDNPTO#FriendVisit,FriendVisit,Friend Visit,http://www.semanticweb.org/zhenyuzhang/ontologies/2021/DREAMDNPTO#SocialInteractionIntervention,SocialInteractionIntervention,Social Interaction Intervention,,5
http://www.semanticweb.org/zhenyuzhang/ontologies/2021/DREAMDNPTO#InteractionWithOtherCareRecipient,InteractionWithOtherCareRecipient,Interaction with Other Care Recipient,http://www.semanticweb.org/zhenyuzhang/ontologies/2021/DREAMDNPTO#SocialInteractionIntervention,SocialInteractionIntervention,Social Interaction Intervention,,5
http://www.semanticweb.org/zhenyuzhang/ontologies/2021/DREAMDNPTO#OneOnOnePersonalContact,OneOnOnePersonalContact,One on One Interaction,http://www.semanticweb.org/zhenyuzhang/ontologies/2021/DREAMDNPTO#SocialInteractionIntervention,SocialInteractionIntervention,Social Interaction Intervention,,5
http://www.semanticweb.org/zhenyuzhang/ontologies/2021/DREAMDNPTO#PhoneCall,PhoneCall,Phone Call,http://www.semanticweb.org/zhenyuzhang/ontologies/2021/DREAMDNPTO#SocialInteractionIntervention,SocialInteractionIntervention,Social Interaction Intervention,,5
http://www.semanticweb.org/zhenyuzhang/ontologies/2021/DREAMDNPTO#SimulatedPresenceTherapy,SimulatedPresenceTherapy,Simulated Presence Therapy,http://www.semanticweb.org/zhenyuzhang/ontologies/2021/DREAMDNPTO#SocialInteractionIntervention,SocialInteractionIntervention,Social Interaction Intervention,,5
http://www.semanticweb.org/zhenyuzhang/ontologies/2021/DREAMDNPTO#SocialMediaVideoCall,SocialMediaVideoCall,Social Media Video Call,http://www.semanticweb.org/zhenyuzhang/ontologies/2021/DREAMDNPTO#SocialInteractionIntervention,SocialInteractionIntervention,Social Interaction Intervention,,5
http://www.semanticweb.org/zhenyuzhang/ontologies/2021/DREAMDNPTO#SocialOuting,SocialOuting,Social Outing,http://www.semanticweb.org/zhenyuzhang/ontologies/2021/DREAMDNPTO#SocialInteractionIntervention,SocialInteractionIntervention,Social Interaction Intervention,,5
http://www.semanticweb.org/zhenyuzhang/ontologies/2021/DREAMDNPTO#UsingSocialRobot,UsingSocialRobot,Using Social Robot,http://www.semanticweb.org/zhenyuzhang/ontologies/2021/DREAMDNPTO#SocialInteractionIntervention,SocialInteractionIntervention,Social Interaction Intervention,,5
http://www.semanticweb.org/zhenyuzhang/ontologies/2021/DREAMDNPTO#SpiritualTherapy,SpiritualTherapy,Spiritual Therapy,http://www.semanticweb.org/zhenyuzhang/ontologies/2021/DREAMDNPTO#TherapyForEmotionalAndMoodDisturbanceInDementia,TherapyForEmotionalAndMoodDisturbanceInDementia,Therapy for Emotional and Mood Disturbance in Dementia,C0679674,4
http://www.semanticweb.org/zhenyuzhang/ontologies/2021/DREAMDNPTO#ValidationTherapy,ValidationTherapy,Validation Therapy,http://www.semanticweb.org/zhenyuzhang/ontologies/2021/DREAMDNPTO#TherapyForEmotionalAndMoodDisturbanceInDementia,TherapyForEmotionalAndMoodDisturbanceInDementia,Therapy for Emotional and Mood Disturbance in Dementia,C0556529,4
http://www.semanticweb.org/zhenyuzhang/ontologies/2021/DREAMDNPTO#PharmacologicalIntervention,PharmacologicalIntervention,Pharmacological Intervention,http://www.semanticweb.org/zhenyuzhang/ontologies/2021/DREAMDNPTO#Intervention,Intervention,Intervention,,1
http://www.semanticweb.org/zhenyuzhang/ontologies/2021/DREAMDNPTO#Intervention,Intervention,Intervention,http://www.semanticweb.org/zhenyuzhang/ontologies/2021/DREAMDNPTO#Intervention,Intervention,Intervention,C0184661,0
